Video_ID;Titel;Aufrufe;Link zur Spielseite;Textbaustein für die Videobeschreibung (ganz oben einfügen);Angepinnter Kommentar
Zdv-T2wGiVA;5 Spiele OHNE Material;321177;https://DEINE-DOMAIN.at/spiele/5-spiele-ohne-material/;"Mehr als 480 Spiele mit Filter nach Schulstufe: https://DEINE-DOMAIN.at/spiele/
Stunde in 10 Sekunden planen (kostenlose App): https://DEINE-DOMAIN.at/app/
Gratis-PDF „5 Spiele, die immer funktionieren“: https://DEINE-DOMAIN.at/kostenlos/";Passende Spiele für deine Stunde findest du hier: https://DEINE-DOMAIN.at/spiele/5-spiele-ohne-material/
OwIWaG-WlDk;Schwimmen Kopfsprung;244234;https://DEINE-DOMAIN.at/spiele/schwimmen-kopfsprung/;"Mehr als 480 Spiele mit Filter nach Schulstufe: https://DEINE-DOMAIN.at/spiele/
Stunde in 10 Sekunden planen (kostenlose App): https://DEINE-DOMAIN.at/app/
Gratis-PDF „5 Spiele, die immer funktionieren“: https://DEINE-DOMAIN.at/kostenlos/";Passende Spiele für deine Stunde findest du hier: https://DEINE-DOMAIN.at/spiele/schwimmen-kopfsprung/
WjKRwGOHPtw;Langbänke;174771;https://DEINE-DOMAIN.at/spiele/langbaenke/;"Anleitung mit Ansagetext, Varianten und Sicherheitshinweis: https://DEINE-DOMAIN.at/spiele/langbaenke/
Im E-Book „50 kreative & kooperative Spiele mit wenig Material“ (14,90 €): https://DEINE-DOMAIN.at/ebooks/spielesammlung/
Stunde in 10 Sekunden planen (kostenlose App): https://DEINE-DOMAIN.at/app/";Die ganze Anleitung zum Ausdrucken findest du hier: https://DEINE-DOMAIN.at/spiele/langbaenke/
8bPgpGKi84M;Salto vorwärts ins Wasser;168153;https://DEINE-DOMAIN.at/spiele/salto-vorwaerts-ins-wasser/;"Mehr als 480 Spiele mit Filter nach Schulstufe: https://DEINE-DOMAIN.at/spiele/
Stunde in 10 Sekunden planen (kostenlose App): https://DEINE-DOMAIN.at/app/
Gratis-PDF „5 Spiele, die immer funktionieren“: https://DEINE-DOMAIN.at/kostenlos/";Passende Spiele für deine Stunde findest du hier: https://DEINE-DOMAIN.at/spiele/salto-vorwaerts-ins-wasser/
cVVmJOWCVmY;Inselball;158103;https://DEINE-DOMAIN.at/spiele/inselball/;"Anleitung mit Ansagetext, Varianten und Sicherheitshinweis: https://DEINE-DOMAIN.at/spiele/inselball/
Im E-Book „50 kreative & kooperative Spiele mit wenig Material“ (14,90 €): https://DEINE-DOMAIN.at/ebooks/spielesammlung/
Stunde in 10 Sekunden planen (kostenlose App): https://DEINE-DOMAIN.at/app/";Die ganze Anleitung zum Ausdrucken findest du hier: https://DEINE-DOMAIN.at/spiele/inselball/
fICbiHi5-Bk;Ringturnen;147863;https://DEINE-DOMAIN.at/spiele/ringturnen-haengen-schwingen-sturzhang/;"Anleitung mit Ansagetext, Varianten und Sicherheitshinweis: https://DEINE-DOMAIN.at/spiele/ringturnen-haengen-schwingen-sturzhang/
Im E-Book „Turnen sicher unterrichten“ (14,90 €): https://DEINE-DOMAIN.at/ebooks/turnen/
Stunde in 10 Sekunden planen (kostenlose App): https://DEINE-DOMAIN.at/app/";Die ganze Anleitung zum Ausdrucken findest du hier: https://DEINE-DOMAIN.at/spiele/ringturnen-haengen-schwingen-sturzhang/
5ctU_3--xt0;Glücksstaffel;145750;https://DEINE-DOMAIN.at/spiele/gluecksstaffel/;"Anleitung mit Ansagetext, Varianten und Sicherheitshinweis: https://DEINE-DOMAIN.at/spiele/gluecksstaffel/
Im E-Book „50 kreative & kooperative Spiele mit wenig Material“ (14,90 €): https://DEINE-DOMAIN.at/ebooks/spielesammlung/
Stunde in 10 Sekunden planen (kostenlose App): https://DEINE-DOMAIN.at/app/";Die ganze Anleitung zum Ausdrucken findest du hier: https://DEINE-DOMAIN.at/spiele/gluecksstaffel/
Eh6SXF07Cbs;Spiele mit Turnmatten;137889;https://DEINE-DOMAIN.at/spiele/spiele-mit-turnmatten/;"Mehr als 480 Spiele mit Filter nach Schulstufe: https://DEINE-DOMAIN.at/spiele/
Stunde in 10 Sekunden planen (kostenlose App): https://DEINE-DOMAIN.at/app/
Gratis-PDF „5 Spiele, die immer funktionieren“: https://DEINE-DOMAIN.at/kostenlos/";Passende Spiele für deine Stunde findest du hier: https://DEINE-DOMAIN.at/spiele/spiele-mit-turnmatten/
kOmGOTAH6zI;5 Aufwärmspiele;121061;https://DEINE-DOMAIN.at/spiele/5-aufwaermspiele/;"Mehr als 480 Spiele mit Filter nach Schulstufe: https://DEINE-DOMAIN.at/spiele/
Stunde in 10 Sekunden planen (kostenlose App): https://DEINE-DOMAIN.at/app/
Gratis-PDF „5 Spiele, die immer funktionieren“: https://DEINE-DOMAIN.at/kostenlos/";Passende Spiele für deine Stunde findest du hier: https://DEINE-DOMAIN.at/spiele/5-aufwaermspiele/
0Fl-1fGGksw;5 witzige Ballspiele;119842;https://DEINE-DOMAIN.at/spiele/5-witzige-ballspiele/;"Mehr als 480 Spiele mit Filter nach Schulstufe: https://DEINE-DOMAIN.at/spiele/
Stunde in 10 Sekunden planen (kostenlose App): https://DEINE-DOMAIN.at/app/
Gratis-PDF „5 Spiele, die immer funktionieren“: https://DEINE-DOMAIN.at/kostenlos/";Passende Spiele für deine Stunde findest du hier: https://DEINE-DOMAIN.at/spiele/5-witzige-ballspiele/
2VQK8sv3rqc;Kreisfangen;112906;https://DEINE-DOMAIN.at/spiele/kreisfangen/;"Anleitung mit Ansagetext, Varianten und Sicherheitshinweis: https://DEINE-DOMAIN.at/spiele/kreisfangen/
Im E-Book „50 kreative & kooperative Spiele mit wenig Material“ (14,90 €): https://DEINE-DOMAIN.at/ebooks/spielesammlung/
Stunde in 10 Sekunden planen (kostenlose App): https://DEINE-DOMAIN.at/app/";Die ganze Anleitung zum Ausdrucken findest du hier: https://DEINE-DOMAIN.at/spiele/kreisfangen/
MznLzzzhVD4;Hocke am Kasten;110571;https://DEINE-DOMAIN.at/spiele/hocke-ueber-den-kasten/;"Anleitung mit Ansagetext, Varianten und Sicherheitshinweis: https://DEINE-DOMAIN.at/spiele/hocke-ueber-den-kasten/
Im E-Book „Turnen sicher unterrichten“ (14,90 €): https://DEINE-DOMAIN.at/ebooks/turnen/
Stunde in 10 Sekunden planen (kostenlose App): https://DEINE-DOMAIN.at/app/";Die ganze Anleitung zum Ausdrucken findest du hier: https://DEINE-DOMAIN.at/spiele/hocke-ueber-den-kasten/
emog-nkEZXE;5 Spiele mit Bänken;109177;https://DEINE-DOMAIN.at/spiele/5-spiele-mit-baenken/;"Mehr als 480 Spiele mit Filter nach Schulstufe: https://DEINE-DOMAIN.at/spiele/
Stunde in 10 Sekunden planen (kostenlose App): https://DEINE-DOMAIN.at/app/
Gratis-PDF „5 Spiele, die immer funktionieren“: https://DEINE-DOMAIN.at/kostenlos/";Passende Spiele für deine Stunde findest du hier: https://DEINE-DOMAIN.at/spiele/5-spiele-mit-baenken/
FswYwkGkkxw;7 kreative Spiele für die Grundschule 6 10Jahre OHNE Material;100877;https://DEINE-DOMAIN.at/spiele/7-kreative-spiele-fuer-die-grundschule-6-10jahre-ohne-material/;"Mehr als 480 Spiele mit Filter nach Schulstufe: https://DEINE-DOMAIN.at/spiele/
Stunde in 10 Sekunden planen (kostenlose App): https://DEINE-DOMAIN.at/app/
Gratis-PDF „5 Spiele, die immer funktionieren“: https://DEINE-DOMAIN.at/kostenlos/";Passende Spiele für deine Stunde findest du hier: https://DEINE-DOMAIN.at/spiele/7-kreative-spiele-fuer-die-grundschule-6-10jahre-ohne-material/
ll36ACCSL08;Capture the Flag;100029;https://DEINE-DOMAIN.at/spiele/capture-the-flag/;"Anleitung mit Ansagetext, Varianten und Sicherheitshinweis: https://DEINE-DOMAIN.at/spiele/capture-the-flag/
Im E-Book „50 kreative & kooperative Spiele mit wenig Material“ (14,90 €): https://DEINE-DOMAIN.at/ebooks/spielesammlung/
Stunde in 10 Sekunden planen (kostenlose App): https://DEINE-DOMAIN.at/app/";Die ganze Anleitung zum Ausdrucken findest du hier: https://DEINE-DOMAIN.at/spiele/capture-the-flag/
iouxB4lrk4Q;Auerbachsalto;98900;https://DEINE-DOMAIN.at/spiele/auerbachsalto/;"Mehr als 480 Spiele mit Filter nach Schulstufe: https://DEINE-DOMAIN.at/spiele/
Stunde in 10 Sekunden planen (kostenlose App): https://DEINE-DOMAIN.at/app/
Gratis-PDF „5 Spiele, die immer funktionieren“: https://DEINE-DOMAIN.at/kostenlos/";Passende Spiele für deine Stunde findest du hier: https://DEINE-DOMAIN.at/spiele/auerbachsalto/
H4DivP5N4To;Aufhocken Rolle vorwärts am Kasten;92717;https://DEINE-DOMAIN.at/spiele/aufhocken-und-rolle-vorwaerts-am-kasten/;"Anleitung mit Ansagetext, Varianten und Sicherheitshinweis: https://DEINE-DOMAIN.at/spiele/aufhocken-und-rolle-vorwaerts-am-kasten/
Im E-Book „Turnen sicher unterrichten“ (14,90 €): https://DEINE-DOMAIN.at/ebooks/turnen/
Stunde in 10 Sekunden planen (kostenlose App): https://DEINE-DOMAIN.at/app/";Die ganze Anleitung zum Ausdrucken findest du hier: https://DEINE-DOMAIN.at/spiele/aufhocken-und-rolle-vorwaerts-am-kasten/
8X-y9MkZ2OQ;Bockspringen;91537;https://DEINE-DOMAIN.at/spiele/bockspringen/;"Anleitung mit Ansagetext, Varianten und Sicherheitshinweis: https://DEINE-DOMAIN.at/spiele/bockspringen/
Im E-Book „50 kreative & kooperative Spiele mit wenig Material“ (14,90 €): https://DEINE-DOMAIN.at/ebooks/spielesammlung/
Stunde in 10 Sekunden planen (kostenlose App): https://DEINE-DOMAIN.at/app/";Die ganze Anleitung zum Ausdrucken findest du hier: https://DEINE-DOMAIN.at/spiele/bockspringen/
eL9RheDnjwM;Hochsprung;86552;https://DEINE-DOMAIN.at/spiele/hochsprung/;"Anleitung mit Ansagetext, Varianten und Sicherheitshinweis: https://DEINE-DOMAIN.at/spiele/hochsprung/
Im E-Book „Fit im Schulsport“ (12,90 €): https://DEINE-DOMAIN.at/ebooks/fitness/
Stunde in 10 Sekunden planen (kostenlose App): https://DEINE-DOMAIN.at/app/";Die ganze Anleitung zum Ausdrucken findest du hier: https://DEINE-DOMAIN.at/spiele/hochsprung/
arrrgk8xvFc;Krafttraining mit Bänken Teil 1;86328;https://DEINE-DOMAIN.at/spiele/krafttraining-mit-baenken/;"Anleitung mit Ansagetext, Varianten und Sicherheitshinweis: https://DEINE-DOMAIN.at/spiele/krafttraining-mit-baenken/
Im E-Book „Fit im Schulsport“ (12,90 €): https://DEINE-DOMAIN.at/ebooks/fitness/
Stunde in 10 Sekunden planen (kostenlose App): https://DEINE-DOMAIN.at/app/";Die ganze Anleitung zum Ausdrucken findest du hier: https://DEINE-DOMAIN.at/spiele/krafttraining-mit-baenken/
iRyasMhdCEA;Spiele mit Reifen;86022;https://DEINE-DOMAIN.at/spiele/spiele-mit-reifen/;"Mehr als 480 Spiele mit Filter nach Schulstufe: https://DEINE-DOMAIN.at/spiele/
Stunde in 10 Sekunden planen (kostenlose App): https://DEINE-DOMAIN.at/app/
Gratis-PDF „5 Spiele, die immer funktionieren“: https://DEINE-DOMAIN.at/kostenlos/";Passende Spiele für deine Stunde findest du hier: https://DEINE-DOMAIN.at/spiele/spiele-mit-reifen/
SX5LZEiSvnw;Laola Welle;84477;https://DEINE-DOMAIN.at/spiele/laola-welle/;"Anleitung mit Ansagetext, Varianten und Sicherheitshinweis: https://DEINE-DOMAIN.at/spiele/laola-welle/
Im E-Book „50 kreative & kooperative Spiele mit wenig Material“ (14,90 €): https://DEINE-DOMAIN.at/ebooks/spielesammlung/
Stunde in 10 Sekunden planen (kostenlose App): https://DEINE-DOMAIN.at/app/";Die ganze Anleitung zum Ausdrucken findest du hier: https://DEINE-DOMAIN.at/spiele/laola-welle/
RmPWI7pSdP4;Rolle vorwärts- Stationen;82964;https://DEINE-DOMAIN.at/spiele/rolle-vorwaerts/;"Anleitung mit Ansagetext, Varianten und Sicherheitshinweis: https://DEINE-DOMAIN.at/spiele/rolle-vorwaerts/
Im E-Book „Turnen sicher unterrichten“ (14,90 €): https://DEINE-DOMAIN.at/ebooks/turnen/
Stunde in 10 Sekunden planen (kostenlose App): https://DEINE-DOMAIN.at/app/";Die ganze Anleitung zum Ausdrucken findest du hier: https://DEINE-DOMAIN.at/spiele/rolle-vorwaerts/
Y7NhO6rxjkM;Hütchenfußball;73507;https://DEINE-DOMAIN.at/spiele/huetchenfussball/;"Anleitung mit Ansagetext, Varianten und Sicherheitshinweis: https://DEINE-DOMAIN.at/spiele/huetchenfussball/
Im E-Book „50 kreative & kooperative Spiele mit wenig Material“ (14,90 €): https://DEINE-DOMAIN.at/ebooks/spielesammlung/
Stunde in 10 Sekunden planen (kostenlose App): https://DEINE-DOMAIN.at/app/";Die ganze Anleitung zum Ausdrucken findest du hier: https://DEINE-DOMAIN.at/spiele/huetchenfussball/
DSuZG0NLXN0;Kehre und Wende am Barren;68178;https://DEINE-DOMAIN.at/spiele/kehre-und-wende-am-barren/;"Anleitung mit Ansagetext, Varianten und Sicherheitshinweis: https://DEINE-DOMAIN.at/spiele/kehre-und-wende-am-barren/
Im E-Book „Turnen sicher unterrichten“ (14,90 €): https://DEINE-DOMAIN.at/ebooks/turnen/
Stunde in 10 Sekunden planen (kostenlose App): https://DEINE-DOMAIN.at/app/";Die ganze Anleitung zum Ausdrucken findest du hier: https://DEINE-DOMAIN.at/spiele/kehre-und-wende-am-barren/
iztecdJybkM;Salto;67497;https://DEINE-DOMAIN.at/spiele/salto/;"Mehr als 480 Spiele mit Filter nach Schulstufe: https://DEINE-DOMAIN.at/spiele/
Stunde in 10 Sekunden planen (kostenlose App): https://DEINE-DOMAIN.at/app/
Gratis-PDF „5 Spiele, die immer funktionieren“: https://DEINE-DOMAIN.at/kostenlos/";Passende Spiele für deine Stunde findest du hier: https://DEINE-DOMAIN.at/spiele/salto/
fYkI9bn08-U;Vier gewinnt;61198;https://DEINE-DOMAIN.at/spiele/vier-gewinnt/;"Anleitung mit Ansagetext, Varianten und Sicherheitshinweis: https://DEINE-DOMAIN.at/spiele/vier-gewinnt/
Im E-Book „50 kreative & kooperative Spiele mit wenig Material“ (14,90 €): https://DEINE-DOMAIN.at/ebooks/spielesammlung/
Stunde in 10 Sekunden planen (kostenlose App): https://DEINE-DOMAIN.at/app/";Die ganze Anleitung zum Ausdrucken findest du hier: https://DEINE-DOMAIN.at/spiele/vier-gewinnt/
cN_VnFddVME;Zweikampfspiele Teil 6;55328;https://DEINE-DOMAIN.at/spiele/zweikampfspiele-teil-6/;"Mehr als 480 Spiele mit Filter nach Schulstufe: https://DEINE-DOMAIN.at/spiele/
Stunde in 10 Sekunden planen (kostenlose App): https://DEINE-DOMAIN.at/app/
Gratis-PDF „5 Spiele, die immer funktionieren“: https://DEINE-DOMAIN.at/kostenlos/";Passende Spiele für deine Stunde findest du hier: https://DEINE-DOMAIN.at/spiele/zweikampfspiele-teil-6/
cZ4oR8reuXg;Turnbank Reaktionsspiel;52648;https://DEINE-DOMAIN.at/spiele/turnbank-reaktionsspiel/;"Anleitung mit Ansagetext, Varianten und Sicherheitshinweis: https://DEINE-DOMAIN.at/spiele/turnbank-reaktionsspiel/
Im E-Book „50 kreative & kooperative Spiele mit wenig Material“ (14,90 €): https://DEINE-DOMAIN.at/ebooks/spielesammlung/
Stunde in 10 Sekunden planen (kostenlose App): https://DEINE-DOMAIN.at/app/";Die ganze Anleitung zum Ausdrucken findest du hier: https://DEINE-DOMAIN.at/spiele/turnbank-reaktionsspiel/
5gjjE5_3nj8;Gleichgewicht mit Bänken;51317;https://DEINE-DOMAIN.at/spiele/gleichgewicht-mit-baenken/;"Anleitung mit Ansagetext, Varianten und Sicherheitshinweis: https://DEINE-DOMAIN.at/spiele/gleichgewicht-mit-baenken/
Im E-Book „Fit im Schulsport“ (12,90 €): https://DEINE-DOMAIN.at/ebooks/fitness/
Stunde in 10 Sekunden planen (kostenlose App): https://DEINE-DOMAIN.at/app/";Die ganze Anleitung zum Ausdrucken findest du hier: https://DEINE-DOMAIN.at/spiele/gleichgewicht-mit-baenken/
reKxhv0lb6w;Wechselpass;50014;https://DEINE-DOMAIN.at/spiele/wechselpass/;"Anleitung mit Ansagetext, Varianten und Sicherheitshinweis: https://DEINE-DOMAIN.at/spiele/wechselpass/
Im E-Book „50 kreative & kooperative Spiele mit wenig Material“ (14,90 €): https://DEINE-DOMAIN.at/ebooks/spielesammlung/
Stunde in 10 Sekunden planen (kostenlose App): https://DEINE-DOMAIN.at/app/";Die ganze Anleitung zum Ausdrucken findest du hier: https://DEINE-DOMAIN.at/spiele/wechselpass/
GM-ZmSbrtME;Robin Hood;48719;https://DEINE-DOMAIN.at/spiele/robin-hood/;"Anleitung mit Ansagetext, Varianten und Sicherheitshinweis: https://DEINE-DOMAIN.at/spiele/robin-hood/
Im E-Book „50 kreative & kooperative Spiele mit wenig Material“ (14,90 €): https://DEINE-DOMAIN.at/ebooks/spielesammlung/
Stunde in 10 Sekunden planen (kostenlose App): https://DEINE-DOMAIN.at/app/";Die ganze Anleitung zum Ausdrucken findest du hier: https://DEINE-DOMAIN.at/spiele/robin-hood/
DCFJKahCbKo;Doppelrolle;48268;https://DEINE-DOMAIN.at/spiele/doppelrolle/;"Anleitung mit Ansagetext, Varianten und Sicherheitshinweis: https://DEINE-DOMAIN.at/spiele/doppelrolle/
Im E-Book „50 kreative & kooperative Spiele mit wenig Material“ (14,90 €): https://DEINE-DOMAIN.at/ebooks/spielesammlung/
Stunde in 10 Sekunden planen (kostenlose App): https://DEINE-DOMAIN.at/app/";Die ganze Anleitung zum Ausdrucken findest du hier: https://DEINE-DOMAIN.at/spiele/doppelrolle/
B2Ufz0STSOk;Zweikampfspiele Teil 1;47770;https://DEINE-DOMAIN.at/spiele/zweikampfspiele-teil-1/;"Mehr als 480 Spiele mit Filter nach Schulstufe: https://DEINE-DOMAIN.at/spiele/
Stunde in 10 Sekunden planen (kostenlose App): https://DEINE-DOMAIN.at/app/
Gratis-PDF „5 Spiele, die immer funktionieren“: https://DEINE-DOMAIN.at/kostenlos/";Passende Spiele für deine Stunde findest du hier: https://DEINE-DOMAIN.at/spiele/zweikampfspiele-teil-1/
9rcfXW-JzNk;Basketball-Korbleger;47295;https://DEINE-DOMAIN.at/spiele/basketball-korbleger/;"Mehr als 480 Spiele mit Filter nach Schulstufe: https://DEINE-DOMAIN.at/spiele/
Stunde in 10 Sekunden planen (kostenlose App): https://DEINE-DOMAIN.at/app/
Gratis-PDF „5 Spiele, die immer funktionieren“: https://DEINE-DOMAIN.at/kostenlos/";Passende Spiele für deine Stunde findest du hier: https://DEINE-DOMAIN.at/spiele/basketball-korbleger/
JMzIQfFJYnw;Ninja Warrior goes school;47132;https://DEINE-DOMAIN.at/spiele/ninja-warrior-goes-school/;"Anleitung mit Ansagetext, Varianten und Sicherheitshinweis: https://DEINE-DOMAIN.at/spiele/ninja-warrior-goes-school/
Im E-Book „50 kreative & kooperative Spiele mit wenig Material“ (14,90 €): https://DEINE-DOMAIN.at/ebooks/spielesammlung/
Stunde in 10 Sekunden planen (kostenlose App): https://DEINE-DOMAIN.at/app/";Die ganze Anleitung zum Ausdrucken findest du hier: https://DEINE-DOMAIN.at/spiele/ninja-warrior-goes-school/
On6zM8qikco;Roboter;45977;https://DEINE-DOMAIN.at/spiele/roboter/;"Anleitung mit Ansagetext, Varianten und Sicherheitshinweis: https://DEINE-DOMAIN.at/spiele/roboter/
Im E-Book „50 kreative & kooperative Spiele mit wenig Material“ (14,90 €): https://DEINE-DOMAIN.at/ebooks/spielesammlung/
Stunde in 10 Sekunden planen (kostenlose App): https://DEINE-DOMAIN.at/app/";Die ganze Anleitung zum Ausdrucken findest du hier: https://DEINE-DOMAIN.at/spiele/roboter/
QTnd0PR-06o;8 Spiele für große Klassen Teil 1;45510;https://DEINE-DOMAIN.at/spiele/8-spiele-fuer-grosse-klassen-teil-1/;"Mehr als 480 Spiele mit Filter nach Schulstufe: https://DEINE-DOMAIN.at/spiele/
Stunde in 10 Sekunden planen (kostenlose App): https://DEINE-DOMAIN.at/app/
Gratis-PDF „5 Spiele, die immer funktionieren“: https://DEINE-DOMAIN.at/kostenlos/";Passende Spiele für deine Stunde findest du hier: https://DEINE-DOMAIN.at/spiele/8-spiele-fuer-grosse-klassen-teil-1/
4bD9ZJ0jGKc;Handstützüberschlag;44868;https://DEINE-DOMAIN.at/spiele/handstuetzueberschlag-fuer-fortgeschrittene/;"Anleitung mit Ansagetext, Varianten und Sicherheitshinweis: https://DEINE-DOMAIN.at/spiele/handstuetzueberschlag-fuer-fortgeschrittene/
Im E-Book „Turnen sicher unterrichten“ (14,90 €): https://DEINE-DOMAIN.at/ebooks/turnen/
Stunde in 10 Sekunden planen (kostenlose App): https://DEINE-DOMAIN.at/app/";Die ganze Anleitung zum Ausdrucken findest du hier: https://DEINE-DOMAIN.at/spiele/handstuetzueberschlag-fuer-fortgeschrittene/
h11Fr7YLtWA;Basketball Passen;44678;https://DEINE-DOMAIN.at/spiele/basketball-passen/;"Mehr als 480 Spiele mit Filter nach Schulstufe: https://DEINE-DOMAIN.at/spiele/
Stunde in 10 Sekunden planen (kostenlose App): https://DEINE-DOMAIN.at/app/
Gratis-PDF „5 Spiele, die immer funktionieren“: https://DEINE-DOMAIN.at/kostenlos/";Passende Spiele für deine Stunde findest du hier: https://DEINE-DOMAIN.at/spiele/basketball-passen/
bVrOrPy776M;5 Wurfspiele;44516;https://DEINE-DOMAIN.at/spiele/5-wurfspiele/;"Mehr als 480 Spiele mit Filter nach Schulstufe: https://DEINE-DOMAIN.at/spiele/
Stunde in 10 Sekunden planen (kostenlose App): https://DEINE-DOMAIN.at/app/
Gratis-PDF „5 Spiele, die immer funktionieren“: https://DEINE-DOMAIN.at/kostenlos/";Passende Spiele für deine Stunde findest du hier: https://DEINE-DOMAIN.at/spiele/5-wurfspiele/
Qfig1y8zFnw;Akrobatikaufführung;44150;https://DEINE-DOMAIN.at/spiele/akrobatik-kuer-gestalten-und-praesentieren/;"Anleitung mit Ansagetext, Varianten und Sicherheitshinweis: https://DEINE-DOMAIN.at/spiele/akrobatik-kuer-gestalten-und-praesentieren/
Im E-Book „Turnen sicher unterrichten“ (14,90 €): https://DEINE-DOMAIN.at/ebooks/turnen/
Stunde in 10 Sekunden planen (kostenlose App): https://DEINE-DOMAIN.at/app/";Die ganze Anleitung zum Ausdrucken findest du hier: https://DEINE-DOMAIN.at/spiele/akrobatik-kuer-gestalten-und-praesentieren/
nE5J5gMn9rI;Treibball;41615;https://DEINE-DOMAIN.at/spiele/treibball/;"Anleitung mit Ansagetext, Varianten und Sicherheitshinweis: https://DEINE-DOMAIN.at/spiele/treibball/
Im E-Book „50 kreative & kooperative Spiele mit wenig Material“ (14,90 €): https://DEINE-DOMAIN.at/ebooks/spielesammlung/
Stunde in 10 Sekunden planen (kostenlose App): https://DEINE-DOMAIN.at/app/";Die ganze Anleitung zum Ausdrucken findest du hier: https://DEINE-DOMAIN.at/spiele/treibball/
fje83CedccI;Nummernspiel;40491;https://DEINE-DOMAIN.at/spiele/nummernspiel/;"Anleitung mit Ansagetext, Varianten und Sicherheitshinweis: https://DEINE-DOMAIN.at/spiele/nummernspiel/
Im E-Book „50 kreative & kooperative Spiele mit wenig Material“ (14,90 €): https://DEINE-DOMAIN.at/ebooks/spielesammlung/
Stunde in 10 Sekunden planen (kostenlose App): https://DEINE-DOMAIN.at/app/";Die ganze Anleitung zum Ausdrucken findest du hier: https://DEINE-DOMAIN.at/spiele/nummernspiel/
hxgj_JTL9q4;Weichbodenball;39335;https://DEINE-DOMAIN.at/spiele/weichbodenball/;"Mehr als 480 Spiele mit Filter nach Schulstufe: https://DEINE-DOMAIN.at/spiele/
Stunde in 10 Sekunden planen (kostenlose App): https://DEINE-DOMAIN.at/app/
Gratis-PDF „5 Spiele, die immer funktionieren“: https://DEINE-DOMAIN.at/kostenlos/";Passende Spiele für deine Stunde findest du hier: https://DEINE-DOMAIN.at/spiele/weichbodenball/
wP2sov2KJRE;Gordischer Knoten;39058;https://DEINE-DOMAIN.at/spiele/gordischer-knoten/;"Anleitung mit Ansagetext, Varianten und Sicherheitshinweis: https://DEINE-DOMAIN.at/spiele/gordischer-knoten/
Im E-Book „50 kreative & kooperative Spiele mit wenig Material“ (14,90 €): https://DEINE-DOMAIN.at/ebooks/spielesammlung/
Stunde in 10 Sekunden planen (kostenlose App): https://DEINE-DOMAIN.at/app/";Die ganze Anleitung zum Ausdrucken findest du hier: https://DEINE-DOMAIN.at/spiele/gordischer-knoten/
NPfhxqQWjD8;Einfaches Reckturnen 2;37923;https://DEINE-DOMAIN.at/spiele/reck-grundformen-stuetz-hang-und-abrollen/;"Anleitung mit Ansagetext, Varianten und Sicherheitshinweis: https://DEINE-DOMAIN.at/spiele/reck-grundformen-stuetz-hang-und-abrollen/
Im E-Book „Turnen sicher unterrichten“ (14,90 €): https://DEINE-DOMAIN.at/ebooks/turnen/
Stunde in 10 Sekunden planen (kostenlose App): https://DEINE-DOMAIN.at/app/";Die ganze Anleitung zum Ausdrucken findest du hier: https://DEINE-DOMAIN.at/spiele/reck-grundformen-stuetz-hang-und-abrollen/
Qmd_HiuTu_w;Tauchen;37660;https://DEINE-DOMAIN.at/spiele/tauchen/;"Mehr als 480 Spiele mit Filter nach Schulstufe: https://DEINE-DOMAIN.at/spiele/
Stunde in 10 Sekunden planen (kostenlose App): https://DEINE-DOMAIN.at/app/
Gratis-PDF „5 Spiele, die immer funktionieren“: https://DEINE-DOMAIN.at/kostenlos/";Passende Spiele für deine Stunde findest du hier: https://DEINE-DOMAIN.at/spiele/tauchen/
BuMG1Ly1r7E;Grätsche über Kasten;37375;https://DEINE-DOMAIN.at/spiele/graetsche-ueber-den-kasten/;"Anleitung mit Ansagetext, Varianten und Sicherheitshinweis: https://DEINE-DOMAIN.at/spiele/graetsche-ueber-den-kasten/
Im E-Book „Turnen sicher unterrichten“ (14,90 €): https://DEINE-DOMAIN.at/ebooks/turnen/
Stunde in 10 Sekunden planen (kostenlose App): https://DEINE-DOMAIN.at/app/";Die ganze Anleitung zum Ausdrucken findest du hier: https://DEINE-DOMAIN.at/spiele/graetsche-ueber-den-kasten/
Esk2CKsvF_M;Kognitive Spiele Teil 1;36666;https://DEINE-DOMAIN.at/spiele/kognitive-spiele-teil-1/;"Mehr als 480 Spiele mit Filter nach Schulstufe: https://DEINE-DOMAIN.at/spiele/
Stunde in 10 Sekunden planen (kostenlose App): https://DEINE-DOMAIN.at/app/
Gratis-PDF „5 Spiele, die immer funktionieren“: https://DEINE-DOMAIN.at/kostenlos/";Passende Spiele für deine Stunde findest du hier: https://DEINE-DOMAIN.at/spiele/kognitive-spiele-teil-1/
P-VWz6kZ5jY;Hüftaufschwung Vorübung 1;36379;https://DEINE-DOMAIN.at/spiele/hueftaufschwung/;"Anleitung mit Ansagetext, Varianten und Sicherheitshinweis: https://DEINE-DOMAIN.at/spiele/hueftaufschwung/
Im E-Book „Turnen sicher unterrichten“ (14,90 €): https://DEINE-DOMAIN.at/ebooks/turnen/
Stunde in 10 Sekunden planen (kostenlose App): https://DEINE-DOMAIN.at/app/";Die ganze Anleitung zum Ausdrucken findest du hier: https://DEINE-DOMAIN.at/spiele/hueftaufschwung/
gT4P3b3M0Kw;Langbank und Sprossenwand;36283;https://DEINE-DOMAIN.at/spiele/langbank-und-sprossenwand-klettern-und-balancieren/;"Anleitung mit Ansagetext, Varianten und Sicherheitshinweis: https://DEINE-DOMAIN.at/spiele/langbank-und-sprossenwand-klettern-und-balancieren/
Im E-Book „Turnen sicher unterrichten“ (14,90 €): https://DEINE-DOMAIN.at/ebooks/turnen/
Stunde in 10 Sekunden planen (kostenlose App): https://DEINE-DOMAIN.at/app/";Die ganze Anleitung zum Ausdrucken findest du hier: https://DEINE-DOMAIN.at/spiele/langbank-und-sprossenwand-klettern-und-balancieren/
Wq9pBZ0jRBY;5 Cooldown Spiele;36239;https://DEINE-DOMAIN.at/spiele/5-cooldown-spiele/;"Mehr als 480 Spiele mit Filter nach Schulstufe: https://DEINE-DOMAIN.at/spiele/
Stunde in 10 Sekunden planen (kostenlose App): https://DEINE-DOMAIN.at/app/
Gratis-PDF „5 Spiele, die immer funktionieren“: https://DEINE-DOMAIN.at/kostenlos/";Passende Spiele für deine Stunde findest du hier: https://DEINE-DOMAIN.at/spiele/5-cooldown-spiele/
mKqyLh9ffEA;Menschenmemory;35982;https://DEINE-DOMAIN.at/spiele/menschenmemory/;"Anleitung mit Ansagetext, Varianten und Sicherheitshinweis: https://DEINE-DOMAIN.at/spiele/menschenmemory/
Im E-Book „50 kreative & kooperative Spiele mit wenig Material“ (14,90 €): https://DEINE-DOMAIN.at/ebooks/spielesammlung/
Stunde in 10 Sekunden planen (kostenlose App): https://DEINE-DOMAIN.at/app/";Die ganze Anleitung zum Ausdrucken findest du hier: https://DEINE-DOMAIN.at/spiele/menschenmemory/
yJ4OnbR79n4;Reifenkreis;34991;https://DEINE-DOMAIN.at/spiele/reifenkreis/;"Anleitung mit Ansagetext, Varianten und Sicherheitshinweis: https://DEINE-DOMAIN.at/spiele/reifenkreis/
Im E-Book „50 kreative & kooperative Spiele mit wenig Material“ (14,90 €): https://DEINE-DOMAIN.at/ebooks/spielesammlung/
Stunde in 10 Sekunden planen (kostenlose App): https://DEINE-DOMAIN.at/app/";Die ganze Anleitung zum Ausdrucken findest du hier: https://DEINE-DOMAIN.at/spiele/reifenkreis/
cpWkfzXV4Hw;Gleichgewicht Ohne Material;34566;https://DEINE-DOMAIN.at/spiele/gleichgewicht-ohne-material/;"Mehr als 480 Spiele mit Filter nach Schulstufe: https://DEINE-DOMAIN.at/spiele/
Stunde in 10 Sekunden planen (kostenlose App): https://DEINE-DOMAIN.at/app/
Gratis-PDF „5 Spiele, die immer funktionieren“: https://DEINE-DOMAIN.at/kostenlos/";Passende Spiele für deine Stunde findest du hier: https://DEINE-DOMAIN.at/spiele/gleichgewicht-ohne-material/
z2IRN9gfrQI;Minitramp;34201;https://DEINE-DOMAIN.at/spiele/minitramp-grundspruenge/;"Anleitung mit Ansagetext, Varianten und Sicherheitshinweis: https://DEINE-DOMAIN.at/spiele/minitramp-grundspruenge/
Im E-Book „Turnen sicher unterrichten“ (14,90 €): https://DEINE-DOMAIN.at/ebooks/turnen/
Stunde in 10 Sekunden planen (kostenlose App): https://DEINE-DOMAIN.at/app/";Die ganze Anleitung zum Ausdrucken findest du hier: https://DEINE-DOMAIN.at/spiele/minitramp-grundspruenge/
GWN0Zpt1Jo4;Rolle vorwärts am Barren;33893;https://DEINE-DOMAIN.at/spiele/rolle-vorwaerts-am-barren/;"Anleitung mit Ansagetext, Varianten und Sicherheitshinweis: https://DEINE-DOMAIN.at/spiele/rolle-vorwaerts-am-barren/
Im E-Book „Turnen sicher unterrichten“ (14,90 €): https://DEINE-DOMAIN.at/ebooks/turnen/
Stunde in 10 Sekunden planen (kostenlose App): https://DEINE-DOMAIN.at/app/";Die ganze Anleitung zum Ausdrucken findest du hier: https://DEINE-DOMAIN.at/spiele/rolle-vorwaerts-am-barren/
18wWQzFwXa0;Krafttraining mit Bänken Teil 2;32705;https://DEINE-DOMAIN.at/spiele/krafttraining-mit-baenken-teil-2/;"Mehr als 480 Spiele mit Filter nach Schulstufe: https://DEINE-DOMAIN.at/spiele/
Stunde in 10 Sekunden planen (kostenlose App): https://DEINE-DOMAIN.at/app/
Gratis-PDF „5 Spiele, die immer funktionieren“: https://DEINE-DOMAIN.at/kostenlos/";Passende Spiele für deine Stunde findest du hier: https://DEINE-DOMAIN.at/spiele/krafttraining-mit-baenken-teil-2/
FUCgc3eE4jU;Chinesische Mauer;32680;https://DEINE-DOMAIN.at/spiele/chinesische-mauer/;"Anleitung mit Ansagetext, Varianten und Sicherheitshinweis: https://DEINE-DOMAIN.at/spiele/chinesische-mauer/
Im E-Book „50 kreative & kooperative Spiele mit wenig Material“ (14,90 €): https://DEINE-DOMAIN.at/ebooks/spielesammlung/
Stunde in 10 Sekunden planen (kostenlose App): https://DEINE-DOMAIN.at/app/";Die ganze Anleitung zum Ausdrucken findest du hier: https://DEINE-DOMAIN.at/spiele/chinesische-mauer/
Yrcx5aCIrgo;Ballsalat;31654;https://DEINE-DOMAIN.at/spiele/ballsalat/;"Anleitung mit Ansagetext, Varianten und Sicherheitshinweis: https://DEINE-DOMAIN.at/spiele/ballsalat/
Im E-Book „50 kreative & kooperative Spiele mit wenig Material“ (14,90 €): https://DEINE-DOMAIN.at/ebooks/spielesammlung/
Stunde in 10 Sekunden planen (kostenlose App): https://DEINE-DOMAIN.at/app/";Die ganze Anleitung zum Ausdrucken findest du hier: https://DEINE-DOMAIN.at/spiele/ballsalat/
WDEc3OhQG_I;Spiele mit Reifen;31293;https://DEINE-DOMAIN.at/spiele/spiele-mit-reifen-2/;"Mehr als 480 Spiele mit Filter nach Schulstufe: https://DEINE-DOMAIN.at/spiele/
Stunde in 10 Sekunden planen (kostenlose App): https://DEINE-DOMAIN.at/app/
Gratis-PDF „5 Spiele, die immer funktionieren“: https://DEINE-DOMAIN.at/kostenlos/";Passende Spiele für deine Stunde findest du hier: https://DEINE-DOMAIN.at/spiele/spiele-mit-reifen-2/
p9eTwELmjWc;Kreative Staffelspiele mit Reifen – Spiele, die jede Klasse liebt!;31103;https://DEINE-DOMAIN.at/spiele/kreative-staffelspiele-mit-reifen-spiele-die-jede-klasse-liebt/;"Mehr als 480 Spiele mit Filter nach Schulstufe: https://DEINE-DOMAIN.at/spiele/
Stunde in 10 Sekunden planen (kostenlose App): https://DEINE-DOMAIN.at/app/
Gratis-PDF „5 Spiele, die immer funktionieren“: https://DEINE-DOMAIN.at/kostenlos/";Passende Spiele für deine Stunde findest du hier: https://DEINE-DOMAIN.at/spiele/kreative-staffelspiele-mit-reifen-spiele-die-jede-klasse-liebt/
gAoEQ1AMwZ0;Weitsprung Messen;30927;https://DEINE-DOMAIN.at/spiele/weitsprung-messen/;"Anleitung mit Ansagetext, Varianten und Sicherheitshinweis: https://DEINE-DOMAIN.at/spiele/weitsprung-messen/
Im E-Book „Fit im Schulsport“ (12,90 €): https://DEINE-DOMAIN.at/ebooks/fitness/
Stunde in 10 Sekunden planen (kostenlose App): https://DEINE-DOMAIN.at/app/";Die ganze Anleitung zum Ausdrucken findest du hier: https://DEINE-DOMAIN.at/spiele/weitsprung-messen/
zZwPO9T-Tro;Volleyball Ball über die Schnur;30538;https://DEINE-DOMAIN.at/spiele/volleyball-ball-ueber-die-schnur/;"Anleitung mit Ansagetext, Varianten und Sicherheitshinweis: https://DEINE-DOMAIN.at/spiele/volleyball-ball-ueber-die-schnur/
Im E-Book „50 kreative & kooperative Spiele mit wenig Material“ (14,90 €): https://DEINE-DOMAIN.at/ebooks/spielesammlung/
Stunde in 10 Sekunden planen (kostenlose App): https://DEINE-DOMAIN.at/app/";Die ganze Anleitung zum Ausdrucken findest du hier: https://DEINE-DOMAIN.at/spiele/volleyball-ball-ueber-die-schnur/
uQS82NFmvfU;Vorübungen zum Rad;30481;https://DEINE-DOMAIN.at/spiele/rad/;"Anleitung mit Ansagetext, Varianten und Sicherheitshinweis: https://DEINE-DOMAIN.at/spiele/rad/
Im E-Book „Turnen sicher unterrichten“ (14,90 €): https://DEINE-DOMAIN.at/ebooks/turnen/
Stunde in 10 Sekunden planen (kostenlose App): https://DEINE-DOMAIN.at/app/";Die ganze Anleitung zum Ausdrucken findest du hier: https://DEINE-DOMAIN.at/spiele/rad/
ntlZb3dh0vc;Schaukelringe;30159;https://DEINE-DOMAIN.at/spiele/schaukelringe/;"Anleitung mit Ansagetext, Varianten und Sicherheitshinweis: https://DEINE-DOMAIN.at/spiele/schaukelringe/
Im E-Book „50 kreative & kooperative Spiele mit wenig Material“ (14,90 €): https://DEINE-DOMAIN.at/ebooks/spielesammlung/
Stunde in 10 Sekunden planen (kostenlose App): https://DEINE-DOMAIN.at/app/";Die ganze Anleitung zum Ausdrucken findest du hier: https://DEINE-DOMAIN.at/spiele/schaukelringe/
7uRlEQZTRvI;5 coole Staffelspiele;29376;https://DEINE-DOMAIN.at/spiele/5-coole-staffelspiele/;"Mehr als 480 Spiele mit Filter nach Schulstufe: https://DEINE-DOMAIN.at/spiele/
Stunde in 10 Sekunden planen (kostenlose App): https://DEINE-DOMAIN.at/app/
Gratis-PDF „5 Spiele, die immer funktionieren“: https://DEINE-DOMAIN.at/kostenlos/";Passende Spiele für deine Stunde findest du hier: https://DEINE-DOMAIN.at/spiele/5-coole-staffelspiele/
B1mHtZAvogA;Spinnennetz;28964;https://DEINE-DOMAIN.at/spiele/spinnennetz/;"Anleitung mit Ansagetext, Varianten und Sicherheitshinweis: https://DEINE-DOMAIN.at/spiele/spinnennetz/
Im E-Book „50 kreative & kooperative Spiele mit wenig Material“ (14,90 €): https://DEINE-DOMAIN.at/ebooks/spielesammlung/
Stunde in 10 Sekunden planen (kostenlose App): https://DEINE-DOMAIN.at/app/";Die ganze Anleitung zum Ausdrucken findest du hier: https://DEINE-DOMAIN.at/spiele/spinnennetz/
j54lsxICGTk;Kooperative Spiele;28929;https://DEINE-DOMAIN.at/spiele/kooperative-spiele/;"Mehr als 480 Spiele mit Filter nach Schulstufe: https://DEINE-DOMAIN.at/spiele/
Stunde in 10 Sekunden planen (kostenlose App): https://DEINE-DOMAIN.at/app/
Gratis-PDF „5 Spiele, die immer funktionieren“: https://DEINE-DOMAIN.at/kostenlos/";Passende Spiele für deine Stunde findest du hier: https://DEINE-DOMAIN.at/spiele/kooperative-spiele/
aKZKxA_dXGE;Rhythmusschulung mit Bänke Teil 1;28698;https://DEINE-DOMAIN.at/spiele/rhythmusschulung-mit-baenke-teil-1/;"Mehr als 480 Spiele mit Filter nach Schulstufe: https://DEINE-DOMAIN.at/spiele/
Stunde in 10 Sekunden planen (kostenlose App): https://DEINE-DOMAIN.at/app/
Gratis-PDF „5 Spiele, die immer funktionieren“: https://DEINE-DOMAIN.at/kostenlos/";Passende Spiele für deine Stunde findest du hier: https://DEINE-DOMAIN.at/spiele/rhythmusschulung-mit-baenke-teil-1/
HSVcjZY388s;Rolle vorwärts lernen;28285;https://DEINE-DOMAIN.at/spiele/rolle-vorwaerts-lernen/;"Mehr als 480 Spiele mit Filter nach Schulstufe: https://DEINE-DOMAIN.at/spiele/
Stunde in 10 Sekunden planen (kostenlose App): https://DEINE-DOMAIN.at/app/
Gratis-PDF „5 Spiele, die immer funktionieren“: https://DEINE-DOMAIN.at/kostenlos/";Passende Spiele für deine Stunde findest du hier: https://DEINE-DOMAIN.at/spiele/rolle-vorwaerts-lernen/
mNcwXe-HLew;Kontaktball;27723;https://DEINE-DOMAIN.at/spiele/kontaktball/;"Anleitung mit Ansagetext, Varianten und Sicherheitshinweis: https://DEINE-DOMAIN.at/spiele/kontaktball/
Im E-Book „50 kreative & kooperative Spiele mit wenig Material“ (14,90 €): https://DEINE-DOMAIN.at/ebooks/spielesammlung/
Stunde in 10 Sekunden planen (kostenlose App): https://DEINE-DOMAIN.at/app/";Die ganze Anleitung zum Ausdrucken findest du hier: https://DEINE-DOMAIN.at/spiele/kontaktball/
Vr0gvOw1BZY;Seilspringen;27598;https://DEINE-DOMAIN.at/spiele/seilspringen/;"Anleitung mit Ansagetext, Varianten und Sicherheitshinweis: https://DEINE-DOMAIN.at/spiele/seilspringen/
Im E-Book „50 kreative & kooperative Spiele mit wenig Material“ (14,90 €): https://DEINE-DOMAIN.at/ebooks/spielesammlung/
Stunde in 10 Sekunden planen (kostenlose App): https://DEINE-DOMAIN.at/app/";Die ganze Anleitung zum Ausdrucken findest du hier: https://DEINE-DOMAIN.at/spiele/seilspringen/
vg0ReFvq42g;Hüftaufschwung Teil 2;27589;https://DEINE-DOMAIN.at/spiele/hueftaufschwung-teil-2/;"Mehr als 480 Spiele mit Filter nach Schulstufe: https://DEINE-DOMAIN.at/spiele/
Stunde in 10 Sekunden planen (kostenlose App): https://DEINE-DOMAIN.at/app/
Gratis-PDF „5 Spiele, die immer funktionieren“: https://DEINE-DOMAIN.at/kostenlos/";Passende Spiele für deine Stunde findest du hier: https://DEINE-DOMAIN.at/spiele/hueftaufschwung-teil-2/
2e14lBANs9I;Hoher Pfad;27312;https://DEINE-DOMAIN.at/spiele/hoher-pfad/;"Anleitung mit Ansagetext, Varianten und Sicherheitshinweis: https://DEINE-DOMAIN.at/spiele/hoher-pfad/
Im E-Book „50 kreative & kooperative Spiele mit wenig Material“ (14,90 €): https://DEINE-DOMAIN.at/ebooks/spielesammlung/
Stunde in 10 Sekunden planen (kostenlose App): https://DEINE-DOMAIN.at/app/";Die ganze Anleitung zum Ausdrucken findest du hier: https://DEINE-DOMAIN.at/spiele/hoher-pfad/
R1CjAVpaGD0;Flussüberquerung Teil 2;27292;https://DEINE-DOMAIN.at/spiele/flussueberquerung-teil-2/;"Mehr als 480 Spiele mit Filter nach Schulstufe: https://DEINE-DOMAIN.at/spiele/
Stunde in 10 Sekunden planen (kostenlose App): https://DEINE-DOMAIN.at/app/
Gratis-PDF „5 Spiele, die immer funktionieren“: https://DEINE-DOMAIN.at/kostenlos/";Passende Spiele für deine Stunde findest du hier: https://DEINE-DOMAIN.at/spiele/flussueberquerung-teil-2/
Ls1Jf-820DA;Schwarz Weiß;27134;https://DEINE-DOMAIN.at/spiele/schwarz-weiss/;"Anleitung mit Ansagetext, Varianten und Sicherheitshinweis: https://DEINE-DOMAIN.at/spiele/schwarz-weiss/
Im E-Book „50 kreative & kooperative Spiele mit wenig Material“ (14,90 €): https://DEINE-DOMAIN.at/ebooks/spielesammlung/
Stunde in 10 Sekunden planen (kostenlose App): https://DEINE-DOMAIN.at/app/";Die ganze Anleitung zum Ausdrucken findest du hier: https://DEINE-DOMAIN.at/spiele/schwarz-weiss/
E0rlJIU8rOU;Basketball Dribbling Übungen;27108;https://DEINE-DOMAIN.at/spiele/basketball-dribbling-uebungen/;"Mehr als 480 Spiele mit Filter nach Schulstufe: https://DEINE-DOMAIN.at/spiele/
Stunde in 10 Sekunden planen (kostenlose App): https://DEINE-DOMAIN.at/app/
Gratis-PDF „5 Spiele, die immer funktionieren“: https://DEINE-DOMAIN.at/kostenlos/";Passende Spiele für deine Stunde findest du hier: https://DEINE-DOMAIN.at/spiele/basketball-dribbling-uebungen/
wsqiUunlQSE;Hocke am Reck;26220;https://DEINE-DOMAIN.at/spiele/hocke-ueber-das-reck/;"Anleitung mit Ansagetext, Varianten und Sicherheitshinweis: https://DEINE-DOMAIN.at/spiele/hocke-ueber-das-reck/
Im E-Book „Turnen sicher unterrichten“ (14,90 €): https://DEINE-DOMAIN.at/ebooks/turnen/
Stunde in 10 Sekunden planen (kostenlose App): https://DEINE-DOMAIN.at/app/";Die ganze Anleitung zum Ausdrucken findest du hier: https://DEINE-DOMAIN.at/spiele/hocke-ueber-das-reck/
hvV8hjeWvcM;Spielkartenlauf;26215;https://DEINE-DOMAIN.at/spiele/spielkartenlauf/;"Anleitung mit Ansagetext, Varianten und Sicherheitshinweis: https://DEINE-DOMAIN.at/spiele/spielkartenlauf/
Im E-Book „50 kreative & kooperative Spiele mit wenig Material“ (14,90 €): https://DEINE-DOMAIN.at/ebooks/spielesammlung/
Stunde in 10 Sekunden planen (kostenlose App): https://DEINE-DOMAIN.at/app/";Die ganze Anleitung zum Ausdrucken findest du hier: https://DEINE-DOMAIN.at/spiele/spielkartenlauf/
SA1f4dDlsOU;Brückenvölkerball;25986;https://DEINE-DOMAIN.at/spiele/brueckenvoelkerball/;"Anleitung mit Ansagetext, Varianten und Sicherheitshinweis: https://DEINE-DOMAIN.at/spiele/brueckenvoelkerball/
Im E-Book „50 kreative & kooperative Spiele mit wenig Material“ (14,90 €): https://DEINE-DOMAIN.at/ebooks/spielesammlung/
Stunde in 10 Sekunden planen (kostenlose App): https://DEINE-DOMAIN.at/app/";Die ganze Anleitung zum Ausdrucken findest du hier: https://DEINE-DOMAIN.at/spiele/brueckenvoelkerball/
WC2mF8mCcFg;Giant Table Tennis;25374;https://DEINE-DOMAIN.at/spiele/giant-table-tennis/;"Anleitung mit Ansagetext, Varianten und Sicherheitshinweis: https://DEINE-DOMAIN.at/spiele/giant-table-tennis/
Im E-Book „50 kreative & kooperative Spiele mit wenig Material“ (14,90 €): https://DEINE-DOMAIN.at/ebooks/spielesammlung/
Stunde in 10 Sekunden planen (kostenlose App): https://DEINE-DOMAIN.at/app/";Die ganze Anleitung zum Ausdrucken findest du hier: https://DEINE-DOMAIN.at/spiele/giant-table-tennis/
QSgM4NgE62k;Basketball 3;24312;https://DEINE-DOMAIN.at/spiele/basketball-3/;"Mehr als 480 Spiele mit Filter nach Schulstufe: https://DEINE-DOMAIN.at/spiele/
Stunde in 10 Sekunden planen (kostenlose App): https://DEINE-DOMAIN.at/app/
Gratis-PDF „5 Spiele, die immer funktionieren“: https://DEINE-DOMAIN.at/kostenlos/";Passende Spiele für deine Stunde findest du hier: https://DEINE-DOMAIN.at/spiele/basketball-3/
sh0bcFVUI2Y;Reifendrehen;24295;https://DEINE-DOMAIN.at/spiele/reifendrehen/;"Anleitung mit Ansagetext, Varianten und Sicherheitshinweis: https://DEINE-DOMAIN.at/spiele/reifendrehen/
Im E-Book „50 kreative & kooperative Spiele mit wenig Material“ (14,90 €): https://DEINE-DOMAIN.at/ebooks/spielesammlung/
Stunde in 10 Sekunden planen (kostenlose App): https://DEINE-DOMAIN.at/app/";Die ganze Anleitung zum Ausdrucken findest du hier: https://DEINE-DOMAIN.at/spiele/reifendrehen/
UvjGD9GfxOA;Rollerball;24150;https://DEINE-DOMAIN.at/spiele/rollerball/;"Anleitung mit Ansagetext, Varianten und Sicherheitshinweis: https://DEINE-DOMAIN.at/spiele/rollerball/
Im E-Book „50 kreative & kooperative Spiele mit wenig Material“ (14,90 €): https://DEINE-DOMAIN.at/ebooks/spielesammlung/
Stunde in 10 Sekunden planen (kostenlose App): https://DEINE-DOMAIN.at/app/";Die ganze Anleitung zum Ausdrucken findest du hier: https://DEINE-DOMAIN.at/spiele/rollerball/
09wAlZAThbI;Virusball;23822;https://DEINE-DOMAIN.at/spiele/virusball/;"Anleitung mit Ansagetext, Varianten und Sicherheitshinweis: https://DEINE-DOMAIN.at/spiele/virusball/
Im E-Book „50 kreative & kooperative Spiele mit wenig Material“ (14,90 €): https://DEINE-DOMAIN.at/ebooks/spielesammlung/
Stunde in 10 Sekunden planen (kostenlose App): https://DEINE-DOMAIN.at/app/";Die ganze Anleitung zum Ausdrucken findest du hier: https://DEINE-DOMAIN.at/spiele/virusball/
BgPtx2htUig;Smashball;23428;https://DEINE-DOMAIN.at/spiele/smashball/;"Anleitung mit Ansagetext, Varianten und Sicherheitshinweis: https://DEINE-DOMAIN.at/spiele/smashball/
Im E-Book „50 kreative & kooperative Spiele mit wenig Material“ (14,90 €): https://DEINE-DOMAIN.at/ebooks/spielesammlung/
Stunde in 10 Sekunden planen (kostenlose App): https://DEINE-DOMAIN.at/app/";Die ganze Anleitung zum Ausdrucken findest du hier: https://DEINE-DOMAIN.at/spiele/smashball/
QlR29HcGIds;Volleyball Oberes Zuspiel;23341;https://DEINE-DOMAIN.at/spiele/volleyball-oberes-zuspiel/;"Mehr als 480 Spiele mit Filter nach Schulstufe: https://DEINE-DOMAIN.at/spiele/
Stunde in 10 Sekunden planen (kostenlose App): https://DEINE-DOMAIN.at/app/
Gratis-PDF „5 Spiele, die immer funktionieren“: https://DEINE-DOMAIN.at/kostenlos/";Passende Spiele für deine Stunde findest du hier: https://DEINE-DOMAIN.at/spiele/volleyball-oberes-zuspiel/
AkVrg6_OLu0;Zweikampfspiele Teil 2;23282;https://DEINE-DOMAIN.at/spiele/zweikampfspiele-teil-2/;"Mehr als 480 Spiele mit Filter nach Schulstufe: https://DEINE-DOMAIN.at/spiele/
Stunde in 10 Sekunden planen (kostenlose App): https://DEINE-DOMAIN.at/app/
Gratis-PDF „5 Spiele, die immer funktionieren“: https://DEINE-DOMAIN.at/kostenlos/";Passende Spiele für deine Stunde findest du hier: https://DEINE-DOMAIN.at/spiele/zweikampfspiele-teil-2/
5WlfG1D4xSo;8 Spiele für große Klassen Teil 2;23236;https://DEINE-DOMAIN.at/spiele/8-spiele-fuer-grosse-klassen-teil-2/;"Mehr als 480 Spiele mit Filter nach Schulstufe: https://DEINE-DOMAIN.at/spiele/
Stunde in 10 Sekunden planen (kostenlose App): https://DEINE-DOMAIN.at/app/
Gratis-PDF „5 Spiele, die immer funktionieren“: https://DEINE-DOMAIN.at/kostenlos/";Passende Spiele für deine Stunde findest du hier: https://DEINE-DOMAIN.at/spiele/8-spiele-fuer-grosse-klassen-teil-2/
Ehh-B69-ghk;Dirigent;22841;https://DEINE-DOMAIN.at/spiele/dirigent/;"Anleitung mit Ansagetext, Varianten und Sicherheitshinweis: https://DEINE-DOMAIN.at/spiele/dirigent/
Im E-Book „50 kreative & kooperative Spiele mit wenig Material“ (14,90 €): https://DEINE-DOMAIN.at/ebooks/spielesammlung/
Stunde in 10 Sekunden planen (kostenlose App): https://DEINE-DOMAIN.at/app/";Die ganze Anleitung zum Ausdrucken findest du hier: https://DEINE-DOMAIN.at/spiele/dirigent/
XZkoNa3A1mI;Teppichfliesen Teil 1;22551;https://DEINE-DOMAIN.at/spiele/teppichfliesen-teil-1/;"Mehr als 480 Spiele mit Filter nach Schulstufe: https://DEINE-DOMAIN.at/spiele/
Stunde in 10 Sekunden planen (kostenlose App): https://DEINE-DOMAIN.at/app/
Gratis-PDF „5 Spiele, die immer funktionieren“: https://DEINE-DOMAIN.at/kostenlos/";Passende Spiele für deine Stunde findest du hier: https://DEINE-DOMAIN.at/spiele/teppichfliesen-teil-1/
RP0nQu6Q8UA;Eier legen;22315;https://DEINE-DOMAIN.at/spiele/eier-legen/;"Anleitung mit Ansagetext, Varianten und Sicherheitshinweis: https://DEINE-DOMAIN.at/spiele/eier-legen/
Im E-Book „50 kreative & kooperative Spiele mit wenig Material“ (14,90 €): https://DEINE-DOMAIN.at/ebooks/spielesammlung/
Stunde in 10 Sekunden planen (kostenlose App): https://DEINE-DOMAIN.at/app/";Die ganze Anleitung zum Ausdrucken findest du hier: https://DEINE-DOMAIN.at/spiele/eier-legen/
O9uG4lC3usw;Gymnastikbälle;22174;https://DEINE-DOMAIN.at/spiele/gymnastikbaelle/;"Mehr als 480 Spiele mit Filter nach Schulstufe: https://DEINE-DOMAIN.at/spiele/
Stunde in 10 Sekunden planen (kostenlose App): https://DEINE-DOMAIN.at/app/
Gratis-PDF „5 Spiele, die immer funktionieren“: https://DEINE-DOMAIN.at/kostenlos/";Passende Spiele für deine Stunde findest du hier: https://DEINE-DOMAIN.at/spiele/gymnastikbaelle/
19uyHNtRmPc;Handstand Vorübungen;21871;https://DEINE-DOMAIN.at/spiele/handstand/;"Anleitung mit Ansagetext, Varianten und Sicherheitshinweis: https://DEINE-DOMAIN.at/spiele/handstand/
Im E-Book „Turnen sicher unterrichten“ (14,90 €): https://DEINE-DOMAIN.at/ebooks/turnen/
Stunde in 10 Sekunden planen (kostenlose App): https://DEINE-DOMAIN.at/app/";Die ganze Anleitung zum Ausdrucken findest du hier: https://DEINE-DOMAIN.at/spiele/handstand/
fUMPYwy-rLg;Harry Potter;21794;https://DEINE-DOMAIN.at/spiele/harry-potter/;"Anleitung mit Ansagetext, Varianten und Sicherheitshinweis: https://DEINE-DOMAIN.at/spiele/harry-potter/
Im E-Book „50 kreative & kooperative Spiele mit wenig Material“ (14,90 €): https://DEINE-DOMAIN.at/ebooks/spielesammlung/
Stunde in 10 Sekunden planen (kostenlose App): https://DEINE-DOMAIN.at/app/";Die ganze Anleitung zum Ausdrucken findest du hier: https://DEINE-DOMAIN.at/spiele/harry-potter/
1MiJ6zK4zKo;Countdown;21720;https://DEINE-DOMAIN.at/spiele/countdown/;"Anleitung mit Ansagetext, Varianten und Sicherheitshinweis: https://DEINE-DOMAIN.at/spiele/countdown/
Im E-Book „50 kreative & kooperative Spiele mit wenig Material“ (14,90 €): https://DEINE-DOMAIN.at/ebooks/spielesammlung/
Stunde in 10 Sekunden planen (kostenlose App): https://DEINE-DOMAIN.at/app/";Die ganze Anleitung zum Ausdrucken findest du hier: https://DEINE-DOMAIN.at/spiele/countdown/
-2EH7_TrIHA;Master Mind;21668;https://DEINE-DOMAIN.at/spiele/master-mind/;"Anleitung mit Ansagetext, Varianten und Sicherheitshinweis: https://DEINE-DOMAIN.at/spiele/master-mind/
Im E-Book „50 kreative & kooperative Spiele mit wenig Material“ (14,90 €): https://DEINE-DOMAIN.at/ebooks/spielesammlung/
Stunde in 10 Sekunden planen (kostenlose App): https://DEINE-DOMAIN.at/app/";Die ganze Anleitung zum Ausdrucken findest du hier: https://DEINE-DOMAIN.at/spiele/master-mind/
A8WGwXtwZlA;Zweikampfspiele Teil 3;21513;https://DEINE-DOMAIN.at/spiele/zweikampfspiele-teil-3/;"Mehr als 480 Spiele mit Filter nach Schulstufe: https://DEINE-DOMAIN.at/spiele/
Stunde in 10 Sekunden planen (kostenlose App): https://DEINE-DOMAIN.at/app/
Gratis-PDF „5 Spiele, die immer funktionieren“: https://DEINE-DOMAIN.at/kostenlos/";Passende Spiele für deine Stunde findest du hier: https://DEINE-DOMAIN.at/spiele/zweikampfspiele-teil-3/
s9UstLvStxA;Sturzhang an der Sprossenwand;21490;https://DEINE-DOMAIN.at/spiele/sturzhang-an-der-sprossenwand/;"Anleitung mit Ansagetext, Varianten und Sicherheitshinweis: https://DEINE-DOMAIN.at/spiele/sturzhang-an-der-sprossenwand/
Im E-Book „Turnen sicher unterrichten“ (14,90 €): https://DEINE-DOMAIN.at/ebooks/turnen/
Stunde in 10 Sekunden planen (kostenlose App): https://DEINE-DOMAIN.at/app/";Die ganze Anleitung zum Ausdrucken findest du hier: https://DEINE-DOMAIN.at/spiele/sturzhang-an-der-sprossenwand/
XPUMM7nBnd4;Sortieren;21316;https://DEINE-DOMAIN.at/spiele/sortieren/;"Anleitung mit Ansagetext, Varianten und Sicherheitshinweis: https://DEINE-DOMAIN.at/spiele/sortieren/
Im E-Book „50 kreative & kooperative Spiele mit wenig Material“ (14,90 €): https://DEINE-DOMAIN.at/ebooks/spielesammlung/
Stunde in 10 Sekunden planen (kostenlose App): https://DEINE-DOMAIN.at/app/";Die ganze Anleitung zum Ausdrucken findest du hier: https://DEINE-DOMAIN.at/spiele/sortieren/
JVi6iN9kcmk;Hindernislauf;20637;https://DEINE-DOMAIN.at/spiele/hindernislauf/;"Anleitung mit Ansagetext, Varianten und Sicherheitshinweis: https://DEINE-DOMAIN.at/spiele/hindernislauf/
Im E-Book „Aufwärmen in 5 Minuten“ (9,90 €): https://DEINE-DOMAIN.at/ebooks/aufwaermen/
Stunde in 10 Sekunden planen (kostenlose App): https://DEINE-DOMAIN.at/app/";Die ganze Anleitung zum Ausdrucken findest du hier: https://DEINE-DOMAIN.at/spiele/hindernislauf/
Yp6cCczC5BM;Brennball;20517;https://DEINE-DOMAIN.at/spiele/brennball/;"Anleitung mit Ansagetext, Varianten und Sicherheitshinweis: https://DEINE-DOMAIN.at/spiele/brennball/
Im E-Book „50 kreative & kooperative Spiele mit wenig Material“ (14,90 €): https://DEINE-DOMAIN.at/ebooks/spielesammlung/
Stunde in 10 Sekunden planen (kostenlose App): https://DEINE-DOMAIN.at/app/";Die ganze Anleitung zum Ausdrucken findest du hier: https://DEINE-DOMAIN.at/spiele/brennball/
ghhUaHLw_w8;Zweikampfspiele Teil 4;20478;https://DEINE-DOMAIN.at/spiele/zweikampfspiele-teil-4/;"Mehr als 480 Spiele mit Filter nach Schulstufe: https://DEINE-DOMAIN.at/spiele/
Stunde in 10 Sekunden planen (kostenlose App): https://DEINE-DOMAIN.at/app/
Gratis-PDF „5 Spiele, die immer funktionieren“: https://DEINE-DOMAIN.at/kostenlos/";Passende Spiele für deine Stunde findest du hier: https://DEINE-DOMAIN.at/spiele/zweikampfspiele-teil-4/
iyGiP1VPp_Q;Actionball;20245;https://DEINE-DOMAIN.at/spiele/actionball/;"Anleitung mit Ansagetext, Varianten und Sicherheitshinweis: https://DEINE-DOMAIN.at/spiele/actionball/
Im E-Book „50 kreative & kooperative Spiele mit wenig Material“ (14,90 €): https://DEINE-DOMAIN.at/ebooks/spielesammlung/
Stunde in 10 Sekunden planen (kostenlose App): https://DEINE-DOMAIN.at/app/";Die ganze Anleitung zum Ausdrucken findest du hier: https://DEINE-DOMAIN.at/spiele/actionball/
WbUxR2sfIOg;10er Ball;20085;https://DEINE-DOMAIN.at/spiele/10er-ball/;"Anleitung mit Ansagetext, Varianten und Sicherheitshinweis: https://DEINE-DOMAIN.at/spiele/10er-ball/
Im E-Book „50 kreative & kooperative Spiele mit wenig Material“ (14,90 €): https://DEINE-DOMAIN.at/ebooks/spielesammlung/
Stunde in 10 Sekunden planen (kostenlose App): https://DEINE-DOMAIN.at/app/";Die ganze Anleitung zum Ausdrucken findest du hier: https://DEINE-DOMAIN.at/spiele/10er-ball/
69cMtbHVKik;Akrobatik Teil 1;19583;https://DEINE-DOMAIN.at/spiele/partnerakrobatik-grundfiguren/;"Anleitung mit Ansagetext, Varianten und Sicherheitshinweis: https://DEINE-DOMAIN.at/spiele/partnerakrobatik-grundfiguren/
Im E-Book „Turnen sicher unterrichten“ (14,90 €): https://DEINE-DOMAIN.at/ebooks/turnen/
Stunde in 10 Sekunden planen (kostenlose App): https://DEINE-DOMAIN.at/app/";Die ganze Anleitung zum Ausdrucken findest du hier: https://DEINE-DOMAIN.at/spiele/partnerakrobatik-grundfiguren/
Wwfb7rUVysI;Förderband;19558;https://DEINE-DOMAIN.at/spiele/foerderband/;"Anleitung mit Ansagetext, Varianten und Sicherheitshinweis: https://DEINE-DOMAIN.at/spiele/foerderband/
Im E-Book „50 kreative & kooperative Spiele mit wenig Material“ (14,90 €): https://DEINE-DOMAIN.at/ebooks/spielesammlung/
Stunde in 10 Sekunden planen (kostenlose App): https://DEINE-DOMAIN.at/app/";Die ganze Anleitung zum Ausdrucken findest du hier: https://DEINE-DOMAIN.at/spiele/foerderband/
u3mtVqyq0Cc;Flussüberquerung;19477;https://DEINE-DOMAIN.at/spiele/flussueberquerung/;"Anleitung mit Ansagetext, Varianten und Sicherheitshinweis: https://DEINE-DOMAIN.at/spiele/flussueberquerung/
Im E-Book „50 kreative & kooperative Spiele mit wenig Material“ (14,90 €): https://DEINE-DOMAIN.at/ebooks/spielesammlung/
Stunde in 10 Sekunden planen (kostenlose App): https://DEINE-DOMAIN.at/app/";Die ganze Anleitung zum Ausdrucken findest du hier: https://DEINE-DOMAIN.at/spiele/flussueberquerung/
Uz7v7SZ1HSo;Gehfangen;19428;https://DEINE-DOMAIN.at/spiele/gehfangen/;"Anleitung mit Ansagetext, Varianten und Sicherheitshinweis: https://DEINE-DOMAIN.at/spiele/gehfangen/
Im E-Book „50 kreative & kooperative Spiele mit wenig Material“ (14,90 €): https://DEINE-DOMAIN.at/ebooks/spielesammlung/
Stunde in 10 Sekunden planen (kostenlose App): https://DEINE-DOMAIN.at/app/";Die ganze Anleitung zum Ausdrucken findest du hier: https://DEINE-DOMAIN.at/spiele/gehfangen/
KIRvUeVP3FM;Magneto;19310;https://DEINE-DOMAIN.at/spiele/magneto/;"Anleitung mit Ansagetext, Varianten und Sicherheitshinweis: https://DEINE-DOMAIN.at/spiele/magneto/
Im E-Book „50 kreative & kooperative Spiele mit wenig Material“ (14,90 €): https://DEINE-DOMAIN.at/ebooks/spielesammlung/
Stunde in 10 Sekunden planen (kostenlose App): https://DEINE-DOMAIN.at/app/";Die ganze Anleitung zum Ausdrucken findest du hier: https://DEINE-DOMAIN.at/spiele/magneto/
tqrury2h9w4;Hüftaufschwung Teil 3;19071;https://DEINE-DOMAIN.at/spiele/hueftaufschwung-teil-3/;"Mehr als 480 Spiele mit Filter nach Schulstufe: https://DEINE-DOMAIN.at/spiele/
Stunde in 10 Sekunden planen (kostenlose App): https://DEINE-DOMAIN.at/app/
Gratis-PDF „5 Spiele, die immer funktionieren“: https://DEINE-DOMAIN.at/kostenlos/";Passende Spiele für deine Stunde findest du hier: https://DEINE-DOMAIN.at/spiele/hueftaufschwung-teil-3/
pBumHwsmfto;Vertrauenssprung;18844;https://DEINE-DOMAIN.at/spiele/vertrauenssprung/;"Anleitung mit Ansagetext, Varianten und Sicherheitshinweis: https://DEINE-DOMAIN.at/spiele/vertrauenssprung/
Im E-Book „50 kreative & kooperative Spiele mit wenig Material“ (14,90 €): https://DEINE-DOMAIN.at/ebooks/spielesammlung/
Stunde in 10 Sekunden planen (kostenlose App): https://DEINE-DOMAIN.at/app/";Die ganze Anleitung zum Ausdrucken findest du hier: https://DEINE-DOMAIN.at/spiele/vertrauenssprung/
XgfUZQ4D_yk;Rolle rückwärts vom Sprungkasten;18416;https://DEINE-DOMAIN.at/spiele/rolle-rueckwaerts-vom-sprungkasten/;"Mehr als 480 Spiele mit Filter nach Schulstufe: https://DEINE-DOMAIN.at/spiele/
Stunde in 10 Sekunden planen (kostenlose App): https://DEINE-DOMAIN.at/app/
Gratis-PDF „5 Spiele, die immer funktionieren“: https://DEINE-DOMAIN.at/kostenlos/";Passende Spiele für deine Stunde findest du hier: https://DEINE-DOMAIN.at/spiele/rolle-rueckwaerts-vom-sprungkasten/
XrCBMnWksQg;Zahlenvölkerball;18257;https://DEINE-DOMAIN.at/spiele/zahlenvoelkerball/;"Mehr als 480 Spiele mit Filter nach Schulstufe: https://DEINE-DOMAIN.at/spiele/
Stunde in 10 Sekunden planen (kostenlose App): https://DEINE-DOMAIN.at/app/
Gratis-PDF „5 Spiele, die immer funktionieren“: https://DEINE-DOMAIN.at/kostenlos/";Passende Spiele für deine Stunde findest du hier: https://DEINE-DOMAIN.at/spiele/zahlenvoelkerball/
p2fvJa1-ov8;Ninja Zweikampf;17910;https://DEINE-DOMAIN.at/spiele/ninja-zweikampf/;"Mehr als 480 Spiele mit Filter nach Schulstufe: https://DEINE-DOMAIN.at/spiele/
Stunde in 10 Sekunden planen (kostenlose App): https://DEINE-DOMAIN.at/app/
Gratis-PDF „5 Spiele, die immer funktionieren“: https://DEINE-DOMAIN.at/kostenlos/";Passende Spiele für deine Stunde findest du hier: https://DEINE-DOMAIN.at/spiele/ninja-zweikampf/
oeq57vUFBvw;Kettenfangen;17614;https://DEINE-DOMAIN.at/spiele/kettenfangen/;"Anleitung mit Ansagetext, Varianten und Sicherheitshinweis: https://DEINE-DOMAIN.at/spiele/kettenfangen/
Im E-Book „Aufwärmen in 5 Minuten“ (9,90 €): https://DEINE-DOMAIN.at/ebooks/aufwaermen/
Stunde in 10 Sekunden planen (kostenlose App): https://DEINE-DOMAIN.at/app/";Die ganze Anleitung zum Ausdrucken findest du hier: https://DEINE-DOMAIN.at/spiele/kettenfangen/
_f-uC6NZT6I;Kastensprung;17455;https://DEINE-DOMAIN.at/spiele/kastensprung/;"Mehr als 480 Spiele mit Filter nach Schulstufe: https://DEINE-DOMAIN.at/spiele/
Stunde in 10 Sekunden planen (kostenlose App): https://DEINE-DOMAIN.at/app/
Gratis-PDF „5 Spiele, die immer funktionieren“: https://DEINE-DOMAIN.at/kostenlos/";Passende Spiele für deine Stunde findest du hier: https://DEINE-DOMAIN.at/spiele/kastensprung/
e9oPtGng37k;Grätsche über den Turnbock;17276;https://DEINE-DOMAIN.at/spiele/graetsche-ueber-den-turnbock/;"Anleitung mit Ansagetext, Varianten und Sicherheitshinweis: https://DEINE-DOMAIN.at/spiele/graetsche-ueber-den-turnbock/
Im E-Book „Turnen sicher unterrichten“ (14,90 €): https://DEINE-DOMAIN.at/ebooks/turnen/
Stunde in 10 Sekunden planen (kostenlose App): https://DEINE-DOMAIN.at/app/";Die ganze Anleitung zum Ausdrucken findest du hier: https://DEINE-DOMAIN.at/spiele/graetsche-ueber-den-turnbock/
lrnt-W4-aiM;Wippe;17077;https://DEINE-DOMAIN.at/spiele/wippe/;"Mehr als 480 Spiele mit Filter nach Schulstufe: https://DEINE-DOMAIN.at/spiele/
Stunde in 10 Sekunden planen (kostenlose App): https://DEINE-DOMAIN.at/app/
Gratis-PDF „5 Spiele, die immer funktionieren“: https://DEINE-DOMAIN.at/kostenlos/";Passende Spiele für deine Stunde findest du hier: https://DEINE-DOMAIN.at/spiele/wippe/
047q28-cxYA;TicTacToe;16868;https://DEINE-DOMAIN.at/spiele/tictactoe/;"Mehr als 480 Spiele mit Filter nach Schulstufe: https://DEINE-DOMAIN.at/spiele/
Stunde in 10 Sekunden planen (kostenlose App): https://DEINE-DOMAIN.at/app/
Gratis-PDF „5 Spiele, die immer funktionieren“: https://DEINE-DOMAIN.at/kostenlos/";Passende Spiele für deine Stunde findest du hier: https://DEINE-DOMAIN.at/spiele/tictactoe/
aIQUwBgKvMw;Brettball;16513;https://DEINE-DOMAIN.at/spiele/brettball/;"Mehr als 480 Spiele mit Filter nach Schulstufe: https://DEINE-DOMAIN.at/spiele/
Stunde in 10 Sekunden planen (kostenlose App): https://DEINE-DOMAIN.at/app/
Gratis-PDF „5 Spiele, die immer funktionieren“: https://DEINE-DOMAIN.at/kostenlos/";Passende Spiele für deine Stunde findest du hier: https://DEINE-DOMAIN.at/spiele/brettball/
isIp1Sf-Plk;Volleyball Unteres Zuspiel;16178;https://DEINE-DOMAIN.at/spiele/volleyball-unteres-zuspiel/;"Mehr als 480 Spiele mit Filter nach Schulstufe: https://DEINE-DOMAIN.at/spiele/
Stunde in 10 Sekunden planen (kostenlose App): https://DEINE-DOMAIN.at/app/
Gratis-PDF „5 Spiele, die immer funktionieren“: https://DEINE-DOMAIN.at/kostenlos/";Passende Spiele für deine Stunde findest du hier: https://DEINE-DOMAIN.at/spiele/volleyball-unteres-zuspiel/
cxr6vsuZwyU;Salto rückwärts;16165;https://DEINE-DOMAIN.at/spiele/salto-rueckwaerts/;"Mehr als 480 Spiele mit Filter nach Schulstufe: https://DEINE-DOMAIN.at/spiele/
Stunde in 10 Sekunden planen (kostenlose App): https://DEINE-DOMAIN.at/app/
Gratis-PDF „5 Spiele, die immer funktionieren“: https://DEINE-DOMAIN.at/kostenlos/";Passende Spiele für deine Stunde findest du hier: https://DEINE-DOMAIN.at/spiele/salto-rueckwaerts/
D74NjsokCh4;Kopfsprung rückwärts 2;15910;https://DEINE-DOMAIN.at/spiele/kopfsprung-rueckwaerts-2/;"Mehr als 480 Spiele mit Filter nach Schulstufe: https://DEINE-DOMAIN.at/spiele/
Stunde in 10 Sekunden planen (kostenlose App): https://DEINE-DOMAIN.at/app/
Gratis-PDF „5 Spiele, die immer funktionieren“: https://DEINE-DOMAIN.at/kostenlos/";Passende Spiele für deine Stunde findest du hier: https://DEINE-DOMAIN.at/spiele/kopfsprung-rueckwaerts-2/
AWHqSKspNpk;Figuren erschaffen;15498;https://DEINE-DOMAIN.at/spiele/figuren-erschaffen/;"Mehr als 480 Spiele mit Filter nach Schulstufe: https://DEINE-DOMAIN.at/spiele/
Stunde in 10 Sekunden planen (kostenlose App): https://DEINE-DOMAIN.at/app/
Gratis-PDF „5 Spiele, die immer funktionieren“: https://DEINE-DOMAIN.at/kostenlos/";Passende Spiele für deine Stunde findest du hier: https://DEINE-DOMAIN.at/spiele/figuren-erschaffen/
l2EN4Q20Vp8;Spiele Mit Weichboden;15454;https://DEINE-DOMAIN.at/spiele/spiele-mit-weichboden/;"Mehr als 480 Spiele mit Filter nach Schulstufe: https://DEINE-DOMAIN.at/spiele/
Stunde in 10 Sekunden planen (kostenlose App): https://DEINE-DOMAIN.at/app/
Gratis-PDF „5 Spiele, die immer funktionieren“: https://DEINE-DOMAIN.at/kostenlos/";Passende Spiele für deine Stunde findest du hier: https://DEINE-DOMAIN.at/spiele/spiele-mit-weichboden/
W_W8z7AAS3Y;Minitrampbahn;15149;https://DEINE-DOMAIN.at/spiele/minitrampbahn/;"Mehr als 480 Spiele mit Filter nach Schulstufe: https://DEINE-DOMAIN.at/spiele/
Stunde in 10 Sekunden planen (kostenlose App): https://DEINE-DOMAIN.at/app/
Gratis-PDF „5 Spiele, die immer funktionieren“: https://DEINE-DOMAIN.at/kostenlos/";Passende Spiele für deine Stunde findest du hier: https://DEINE-DOMAIN.at/spiele/minitrampbahn/
Ggd8Yqo-Bg4;Zweikampfspiele Teil 5;15026;https://DEINE-DOMAIN.at/spiele/zweikampfspiele-teil-5/;"Mehr als 480 Spiele mit Filter nach Schulstufe: https://DEINE-DOMAIN.at/spiele/
Stunde in 10 Sekunden planen (kostenlose App): https://DEINE-DOMAIN.at/app/
Gratis-PDF „5 Spiele, die immer funktionieren“: https://DEINE-DOMAIN.at/kostenlos/";Passende Spiele für deine Stunde findest du hier: https://DEINE-DOMAIN.at/spiele/zweikampfspiele-teil-5/
lczqoVIKZds;Kopfballabwerfen;14932;https://DEINE-DOMAIN.at/spiele/kopfballabwerfen/;"Mehr als 480 Spiele mit Filter nach Schulstufe: https://DEINE-DOMAIN.at/spiele/
Stunde in 10 Sekunden planen (kostenlose App): https://DEINE-DOMAIN.at/app/
Gratis-PDF „5 Spiele, die immer funktionieren“: https://DEINE-DOMAIN.at/kostenlos/";Passende Spiele für deine Stunde findest du hier: https://DEINE-DOMAIN.at/spiele/kopfballabwerfen/
GLJU8Lgsqx8;Tritris;14932;https://DEINE-DOMAIN.at/spiele/tritris/;"Mehr als 480 Spiele mit Filter nach Schulstufe: https://DEINE-DOMAIN.at/spiele/
Stunde in 10 Sekunden planen (kostenlose App): https://DEINE-DOMAIN.at/app/
Gratis-PDF „5 Spiele, die immer funktionieren“: https://DEINE-DOMAIN.at/kostenlos/";Passende Spiele für deine Stunde findest du hier: https://DEINE-DOMAIN.at/spiele/tritris/
YbLTY6r2Ih0;Rolle rückwärts lernen;14736;https://DEINE-DOMAIN.at/spiele/rolle-rueckwaerts/;"Anleitung mit Ansagetext, Varianten und Sicherheitshinweis: https://DEINE-DOMAIN.at/spiele/rolle-rueckwaerts/
Im E-Book „Turnen sicher unterrichten“ (14,90 €): https://DEINE-DOMAIN.at/ebooks/turnen/
Stunde in 10 Sekunden planen (kostenlose App): https://DEINE-DOMAIN.at/app/";Die ganze Anleitung zum Ausdrucken findest du hier: https://DEINE-DOMAIN.at/spiele/rolle-rueckwaerts/
ghGcyVJqMck;Salto vorwärts am Minitramp 2;14569;https://DEINE-DOMAIN.at/spiele/ausblick-salto-vorwaerts-am-minitramp-nur-fortgeschrittene/;"Anleitung mit Ansagetext, Varianten und Sicherheitshinweis: https://DEINE-DOMAIN.at/spiele/ausblick-salto-vorwaerts-am-minitramp-nur-fortgeschrittene/
Im E-Book „Turnen sicher unterrichten“ (14,90 €): https://DEINE-DOMAIN.at/ebooks/turnen/
Stunde in 10 Sekunden planen (kostenlose App): https://DEINE-DOMAIN.at/app/";Die ganze Anleitung zum Ausdrucken findest du hier: https://DEINE-DOMAIN.at/spiele/ausblick-salto-vorwaerts-am-minitramp-nur-fortgeschrittene/
UgU77x4LKmg;Aggressionsabbau;14303;https://DEINE-DOMAIN.at/spiele/kraeftemessen-faire-zweikampfspiele/;"Anleitung mit Ansagetext, Varianten und Sicherheitshinweis: https://DEINE-DOMAIN.at/spiele/kraeftemessen-faire-zweikampfspiele/
Im E-Book „Fit im Schulsport“ (12,90 €): https://DEINE-DOMAIN.at/ebooks/fitness/
Stunde in 10 Sekunden planen (kostenlose App): https://DEINE-DOMAIN.at/app/";Die ganze Anleitung zum Ausdrucken findest du hier: https://DEINE-DOMAIN.at/spiele/kraeftemessen-faire-zweikampfspiele/
Vx6BSKd5GDI;Kognitive Spiele Teil 2;14224;https://DEINE-DOMAIN.at/spiele/kognitive-spiele-teil-2/;"Mehr als 480 Spiele mit Filter nach Schulstufe: https://DEINE-DOMAIN.at/spiele/
Stunde in 10 Sekunden planen (kostenlose App): https://DEINE-DOMAIN.at/app/
Gratis-PDF „5 Spiele, die immer funktionieren“: https://DEINE-DOMAIN.at/kostenlos/";Passende Spiele für deine Stunde findest du hier: https://DEINE-DOMAIN.at/spiele/kognitive-spiele-teil-2/
UWH4nBJp-d0;4 Spiele mit Hütchen;14176;https://DEINE-DOMAIN.at/spiele/4-spiele-mit-huetchen/;"Mehr als 480 Spiele mit Filter nach Schulstufe: https://DEINE-DOMAIN.at/spiele/
Stunde in 10 Sekunden planen (kostenlose App): https://DEINE-DOMAIN.at/app/
Gratis-PDF „5 Spiele, die immer funktionieren“: https://DEINE-DOMAIN.at/kostenlos/";Passende Spiele für deine Stunde findest du hier: https://DEINE-DOMAIN.at/spiele/4-spiele-mit-huetchen/
O0vOmMtw8hA;Teppichfliesen Teil 2;14010;https://DEINE-DOMAIN.at/spiele/teppichfliesen-teil-2/;"Mehr als 480 Spiele mit Filter nach Schulstufe: https://DEINE-DOMAIN.at/spiele/
Stunde in 10 Sekunden planen (kostenlose App): https://DEINE-DOMAIN.at/app/
Gratis-PDF „5 Spiele, die immer funktionieren“: https://DEINE-DOMAIN.at/kostenlos/";Passende Spiele für deine Stunde findest du hier: https://DEINE-DOMAIN.at/spiele/teppichfliesen-teil-2/
SHFFknzOASU;Vorübung Schwingen am Barren;13936;https://DEINE-DOMAIN.at/spiele/schwingen-im-stuetz-am-barren/;"Anleitung mit Ansagetext, Varianten und Sicherheitshinweis: https://DEINE-DOMAIN.at/spiele/schwingen-im-stuetz-am-barren/
Im E-Book „Turnen sicher unterrichten“ (14,90 €): https://DEINE-DOMAIN.at/ebooks/turnen/
Stunde in 10 Sekunden planen (kostenlose App): https://DEINE-DOMAIN.at/app/";Die ganze Anleitung zum Ausdrucken findest du hier: https://DEINE-DOMAIN.at/spiele/schwingen-im-stuetz-am-barren/
xCWtoascsLI;Reifenchoreo mit Wow-Effekt;13580;https://DEINE-DOMAIN.at/spiele/reifenchoreo-mit-wow-effekt/;"Mehr als 480 Spiele mit Filter nach Schulstufe: https://DEINE-DOMAIN.at/spiele/
Stunde in 10 Sekunden planen (kostenlose App): https://DEINE-DOMAIN.at/app/
Gratis-PDF „5 Spiele, die immer funktionieren“: https://DEINE-DOMAIN.at/kostenlos/";Passende Spiele für deine Stunde findest du hier: https://DEINE-DOMAIN.at/spiele/reifenchoreo-mit-wow-effekt/
kw9UgOaLdJ4;Ballgeschicklichkeit für Anfänger;13347;https://DEINE-DOMAIN.at/spiele/ballgeschicklichkeit-fuer-anfaenger/;"Anleitung mit Ansagetext, Varianten und Sicherheitshinweis: https://DEINE-DOMAIN.at/spiele/ballgeschicklichkeit-fuer-anfaenger/
Im E-Book „Aufwärmen in 5 Minuten“ (9,90 €): https://DEINE-DOMAIN.at/ebooks/aufwaermen/
Stunde in 10 Sekunden planen (kostenlose App): https://DEINE-DOMAIN.at/app/";Die ganze Anleitung zum Ausdrucken findest du hier: https://DEINE-DOMAIN.at/spiele/ballgeschicklichkeit-fuer-anfaenger/
ycQkbyfbe-I;5 besten Ballspiele;13328;https://DEINE-DOMAIN.at/spiele/5-besten-ballspiele/;"Mehr als 480 Spiele mit Filter nach Schulstufe: https://DEINE-DOMAIN.at/spiele/
Stunde in 10 Sekunden planen (kostenlose App): https://DEINE-DOMAIN.at/app/
Gratis-PDF „5 Spiele, die immer funktionieren“: https://DEINE-DOMAIN.at/kostenlos/";Passende Spiele für deine Stunde findest du hier: https://DEINE-DOMAIN.at/spiele/5-besten-ballspiele/
9JITk4BcQoQ;Agententraining;13156;https://DEINE-DOMAIN.at/spiele/agententraining/;"Mehr als 480 Spiele mit Filter nach Schulstufe: https://DEINE-DOMAIN.at/spiele/
Stunde in 10 Sekunden planen (kostenlose App): https://DEINE-DOMAIN.at/app/
Gratis-PDF „5 Spiele, die immer funktionieren“: https://DEINE-DOMAIN.at/kostenlos/";Passende Spiele für deine Stunde findest du hier: https://DEINE-DOMAIN.at/spiele/agententraining/
H_gP1MVHckE;Ball unter die Schnur;12582;https://DEINE-DOMAIN.at/spiele/ball-unter-die-schnur/;"Mehr als 480 Spiele mit Filter nach Schulstufe: https://DEINE-DOMAIN.at/spiele/
Stunde in 10 Sekunden planen (kostenlose App): https://DEINE-DOMAIN.at/app/
Gratis-PDF „5 Spiele, die immer funktionieren“: https://DEINE-DOMAIN.at/kostenlos/";Passende Spiele für deine Stunde findest du hier: https://DEINE-DOMAIN.at/spiele/ball-unter-die-schnur/
zG6BFMGw2-Y;Dodgeball;12561;https://DEINE-DOMAIN.at/spiele/dodgeball/;"Mehr als 480 Spiele mit Filter nach Schulstufe: https://DEINE-DOMAIN.at/spiele/
Stunde in 10 Sekunden planen (kostenlose App): https://DEINE-DOMAIN.at/app/
Gratis-PDF „5 Spiele, die immer funktionieren“: https://DEINE-DOMAIN.at/kostenlos/";Passende Spiele für deine Stunde findest du hier: https://DEINE-DOMAIN.at/spiele/dodgeball/
KBkeCMcb6GY;Mutsprung;12554;https://DEINE-DOMAIN.at/spiele/mutsprung-niedersprung-vom-kasten-mit-sicherer-landung/;"Anleitung mit Ansagetext, Varianten und Sicherheitshinweis: https://DEINE-DOMAIN.at/spiele/mutsprung-niedersprung-vom-kasten-mit-sicherer-landung/
Im E-Book „Turnen sicher unterrichten“ (14,90 €): https://DEINE-DOMAIN.at/ebooks/turnen/
Stunde in 10 Sekunden planen (kostenlose App): https://DEINE-DOMAIN.at/app/";Die ganze Anleitung zum Ausdrucken findest du hier: https://DEINE-DOMAIN.at/spiele/mutsprung-niedersprung-vom-kasten-mit-sicherer-landung/
_OqviPr5cy8;Blinde Reise;12188;https://DEINE-DOMAIN.at/spiele/blinde-reise/;"Mehr als 480 Spiele mit Filter nach Schulstufe: https://DEINE-DOMAIN.at/spiele/
Stunde in 10 Sekunden planen (kostenlose App): https://DEINE-DOMAIN.at/app/
Gratis-PDF „5 Spiele, die immer funktionieren“: https://DEINE-DOMAIN.at/kostenlos/";Passende Spiele für deine Stunde findest du hier: https://DEINE-DOMAIN.at/spiele/blinde-reise/
kjl328Z4miQ;Gleichgewicht;12173;https://DEINE-DOMAIN.at/spiele/gleichgewicht/;"Mehr als 480 Spiele mit Filter nach Schulstufe: https://DEINE-DOMAIN.at/spiele/
Stunde in 10 Sekunden planen (kostenlose App): https://DEINE-DOMAIN.at/app/
Gratis-PDF „5 Spiele, die immer funktionieren“: https://DEINE-DOMAIN.at/kostenlos/";Passende Spiele für deine Stunde findest du hier: https://DEINE-DOMAIN.at/spiele/gleichgewicht/
jBgaFUcYzoM;Frisbee Zielwerfen;12140;https://DEINE-DOMAIN.at/spiele/frisbee-zielwerfen/;"Mehr als 480 Spiele mit Filter nach Schulstufe: https://DEINE-DOMAIN.at/spiele/
Stunde in 10 Sekunden planen (kostenlose App): https://DEINE-DOMAIN.at/app/
Gratis-PDF „5 Spiele, die immer funktionieren“: https://DEINE-DOMAIN.at/kostenlos/";Passende Spiele für deine Stunde findest du hier: https://DEINE-DOMAIN.at/spiele/frisbee-zielwerfen/
HtbQOEMQm9E;Völkerball Variationen;12098;https://DEINE-DOMAIN.at/spiele/voelkerball-variationen/;"Mehr als 480 Spiele mit Filter nach Schulstufe: https://DEINE-DOMAIN.at/spiele/
Stunde in 10 Sekunden planen (kostenlose App): https://DEINE-DOMAIN.at/app/
Gratis-PDF „5 Spiele, die immer funktionieren“: https://DEINE-DOMAIN.at/kostenlos/";Passende Spiele für deine Stunde findest du hier: https://DEINE-DOMAIN.at/spiele/voelkerball-variationen/
sh1RJ7Ya7J0;Gleichgewicht mit Geräten;12097;https://DEINE-DOMAIN.at/spiele/gleichgewicht-mit-geraeten/;"Anleitung mit Ansagetext, Varianten und Sicherheitshinweis: https://DEINE-DOMAIN.at/spiele/gleichgewicht-mit-geraeten/
Im E-Book „Fit im Schulsport“ (12,90 €): https://DEINE-DOMAIN.at/ebooks/fitness/
Stunde in 10 Sekunden planen (kostenlose App): https://DEINE-DOMAIN.at/app/";Die ganze Anleitung zum Ausdrucken findest du hier: https://DEINE-DOMAIN.at/spiele/gleichgewicht-mit-geraeten/
z_BBTrgusvs;Parcours Wallrun;12074;https://DEINE-DOMAIN.at/spiele/parcours-wallrun/;"Mehr als 480 Spiele mit Filter nach Schulstufe: https://DEINE-DOMAIN.at/spiele/
Stunde in 10 Sekunden planen (kostenlose App): https://DEINE-DOMAIN.at/app/
Gratis-PDF „5 Spiele, die immer funktionieren“: https://DEINE-DOMAIN.at/kostenlos/";Passende Spiele für deine Stunde findest du hier: https://DEINE-DOMAIN.at/spiele/parcours-wallrun/
vxSd8KaI_Q8;Legostaffel Schwimmen;12065;https://DEINE-DOMAIN.at/spiele/legostaffel-schwimmen/;"Mehr als 480 Spiele mit Filter nach Schulstufe: https://DEINE-DOMAIN.at/spiele/
Stunde in 10 Sekunden planen (kostenlose App): https://DEINE-DOMAIN.at/app/
Gratis-PDF „5 Spiele, die immer funktionieren“: https://DEINE-DOMAIN.at/kostenlos/";Passende Spiele für deine Stunde findest du hier: https://DEINE-DOMAIN.at/spiele/legostaffel-schwimmen/
bbbtpnztuS0;Einfaches Reckturnen 1;12021;https://DEINE-DOMAIN.at/spiele/einfaches-reckturnen-1/;"Mehr als 480 Spiele mit Filter nach Schulstufe: https://DEINE-DOMAIN.at/spiele/
Stunde in 10 Sekunden planen (kostenlose App): https://DEINE-DOMAIN.at/app/
Gratis-PDF „5 Spiele, die immer funktionieren“: https://DEINE-DOMAIN.at/kostenlos/";Passende Spiele für deine Stunde findest du hier: https://DEINE-DOMAIN.at/spiele/einfaches-reckturnen-1/
YtrZ9asKI5o;Zombieball;11985;https://DEINE-DOMAIN.at/spiele/zombieball/;"Anleitung mit Ansagetext, Varianten und Sicherheitshinweis: https://DEINE-DOMAIN.at/spiele/zombieball/
Im E-Book „Aufwärmen in 5 Minuten“ (9,90 €): https://DEINE-DOMAIN.at/ebooks/aufwaermen/
Stunde in 10 Sekunden planen (kostenlose App): https://DEINE-DOMAIN.at/app/";Die ganze Anleitung zum Ausdrucken findest du hier: https://DEINE-DOMAIN.at/spiele/zombieball/
F97N7ldcLnQ;Schatz bergen;11957;https://DEINE-DOMAIN.at/spiele/schatz-bergen/;"Anleitung mit Ansagetext, Varianten und Sicherheitshinweis: https://DEINE-DOMAIN.at/spiele/schatz-bergen/
Im E-Book „Aufwärmen in 5 Minuten“ (9,90 €): https://DEINE-DOMAIN.at/ebooks/aufwaermen/
Stunde in 10 Sekunden planen (kostenlose App): https://DEINE-DOMAIN.at/app/";Die ganze Anleitung zum Ausdrucken findest du hier: https://DEINE-DOMAIN.at/spiele/schatz-bergen/
cgb5C_aLP64;Intermittierendes Krafttraining;11348;https://DEINE-DOMAIN.at/spiele/intermittierendes-krafttraining/;"Anleitung mit Ansagetext, Varianten und Sicherheitshinweis: https://DEINE-DOMAIN.at/spiele/intermittierendes-krafttraining/
Im E-Book „Fit im Schulsport“ (12,90 €): https://DEINE-DOMAIN.at/ebooks/fitness/
Stunde in 10 Sekunden planen (kostenlose App): https://DEINE-DOMAIN.at/app/";Die ganze Anleitung zum Ausdrucken findest du hier: https://DEINE-DOMAIN.at/spiele/intermittierendes-krafttraining/
_NT-RMzd_Lc;HAKA;11188;https://DEINE-DOMAIN.at/spiele/haka/;"Mehr als 480 Spiele mit Filter nach Schulstufe: https://DEINE-DOMAIN.at/spiele/
Stunde in 10 Sekunden planen (kostenlose App): https://DEINE-DOMAIN.at/app/
Gratis-PDF „5 Spiele, die immer funktionieren“: https://DEINE-DOMAIN.at/kostenlos/";Passende Spiele für deine Stunde findest du hier: https://DEINE-DOMAIN.at/spiele/haka/
Xaej94n4F3Q;Drittabschlagen;10914;https://DEINE-DOMAIN.at/spiele/drittabschlagen/;"Anleitung mit Ansagetext, Varianten und Sicherheitshinweis: https://DEINE-DOMAIN.at/spiele/drittabschlagen/
Im E-Book „Aufwärmen in 5 Minuten“ (9,90 €): https://DEINE-DOMAIN.at/ebooks/aufwaermen/
Stunde in 10 Sekunden planen (kostenlose App): https://DEINE-DOMAIN.at/app/";Die ganze Anleitung zum Ausdrucken findest du hier: https://DEINE-DOMAIN.at/spiele/drittabschlagen/
CVANLQsi7NI;Team- Marathon;10741;https://DEINE-DOMAIN.at/spiele/team-marathon/;"Anleitung mit Ansagetext, Varianten und Sicherheitshinweis: https://DEINE-DOMAIN.at/spiele/team-marathon/
Im E-Book „Fit im Schulsport“ (12,90 €): https://DEINE-DOMAIN.at/ebooks/fitness/
Stunde in 10 Sekunden planen (kostenlose App): https://DEINE-DOMAIN.at/app/";Die ganze Anleitung zum Ausdrucken findest du hier: https://DEINE-DOMAIN.at/spiele/team-marathon/
Zr6K7jDPcgM;Lebendes Tor;10678;https://DEINE-DOMAIN.at/spiele/lebendes-tor/;"Mehr als 480 Spiele mit Filter nach Schulstufe: https://DEINE-DOMAIN.at/spiele/
Stunde in 10 Sekunden planen (kostenlose App): https://DEINE-DOMAIN.at/app/
Gratis-PDF „5 Spiele, die immer funktionieren“: https://DEINE-DOMAIN.at/kostenlos/";Passende Spiele für deine Stunde findest du hier: https://DEINE-DOMAIN.at/spiele/lebendes-tor/
6JT2uvfRcHo;Faustball;10612;https://DEINE-DOMAIN.at/spiele/faustball/;"Mehr als 480 Spiele mit Filter nach Schulstufe: https://DEINE-DOMAIN.at/spiele/
Stunde in 10 Sekunden planen (kostenlose App): https://DEINE-DOMAIN.at/app/
Gratis-PDF „5 Spiele, die immer funktionieren“: https://DEINE-DOMAIN.at/kostenlos/";Passende Spiele für deine Stunde findest du hier: https://DEINE-DOMAIN.at/spiele/faustball/
Ff4hUHFwe5c;Legostaffel;10602;https://DEINE-DOMAIN.at/spiele/legostaffel/;"Anleitung mit Ansagetext, Varianten und Sicherheitshinweis: https://DEINE-DOMAIN.at/spiele/legostaffel/
Im E-Book „Aufwärmen in 5 Minuten“ (9,90 €): https://DEINE-DOMAIN.at/ebooks/aufwaermen/
Stunde in 10 Sekunden planen (kostenlose App): https://DEINE-DOMAIN.at/app/";Die ganze Anleitung zum Ausdrucken findest du hier: https://DEINE-DOMAIN.at/spiele/legostaffel/
B0XuLM1vEiE;Chinesische Mauer;10510;https://DEINE-DOMAIN.at/spiele/chinesische-mauer-2/;"Mehr als 480 Spiele mit Filter nach Schulstufe: https://DEINE-DOMAIN.at/spiele/
Stunde in 10 Sekunden planen (kostenlose App): https://DEINE-DOMAIN.at/app/
Gratis-PDF „5 Spiele, die immer funktionieren“: https://DEINE-DOMAIN.at/kostenlos/";Passende Spiele für deine Stunde findest du hier: https://DEINE-DOMAIN.at/spiele/chinesische-mauer-2/
7ZoJAagTnqY;Nackenkippe;10363;https://DEINE-DOMAIN.at/spiele/nackenkippe/;"Mehr als 480 Spiele mit Filter nach Schulstufe: https://DEINE-DOMAIN.at/spiele/
Stunde in 10 Sekunden planen (kostenlose App): https://DEINE-DOMAIN.at/app/
Gratis-PDF „5 Spiele, die immer funktionieren“: https://DEINE-DOMAIN.at/kostenlos/";Passende Spiele für deine Stunde findest du hier: https://DEINE-DOMAIN.at/spiele/nackenkippe/
PHYqay0G_wM;5 Teamworkspiele Oberstufe;10358;https://DEINE-DOMAIN.at/spiele/5-teamworkspiele-oberstufe/;"Mehr als 480 Spiele mit Filter nach Schulstufe: https://DEINE-DOMAIN.at/spiele/
Stunde in 10 Sekunden planen (kostenlose App): https://DEINE-DOMAIN.at/app/
Gratis-PDF „5 Spiele, die immer funktionieren“: https://DEINE-DOMAIN.at/kostenlos/";Passende Spiele für deine Stunde findest du hier: https://DEINE-DOMAIN.at/spiele/5-teamworkspiele-oberstufe/
u-a25ZCQmN8;Hüftabschwung an der Sprossenwand;10136;https://DEINE-DOMAIN.at/spiele/hueftabschwung/;"Anleitung mit Ansagetext, Varianten und Sicherheitshinweis: https://DEINE-DOMAIN.at/spiele/hueftabschwung/
Im E-Book „Turnen sicher unterrichten“ (14,90 €): https://DEINE-DOMAIN.at/ebooks/turnen/
Stunde in 10 Sekunden planen (kostenlose App): https://DEINE-DOMAIN.at/app/";Die ganze Anleitung zum Ausdrucken findest du hier: https://DEINE-DOMAIN.at/spiele/hueftabschwung/
C7mwjms_eY8;SallyChallenge;10041;https://DEINE-DOMAIN.at/spiele/sallychallenge/;"Mehr als 480 Spiele mit Filter nach Schulstufe: https://DEINE-DOMAIN.at/spiele/
Stunde in 10 Sekunden planen (kostenlose App): https://DEINE-DOMAIN.at/app/
Gratis-PDF „5 Spiele, die immer funktionieren“: https://DEINE-DOMAIN.at/kostenlos/";Passende Spiele für deine Stunde findest du hier: https://DEINE-DOMAIN.at/spiele/sallychallenge/
HjeYp7oVj3c;Schleifenraub;9853;https://DEINE-DOMAIN.at/spiele/schleifenraub/;"Anleitung mit Ansagetext, Varianten und Sicherheitshinweis: https://DEINE-DOMAIN.at/spiele/schleifenraub/
Im E-Book „Aufwärmen in 5 Minuten“ (9,90 €): https://DEINE-DOMAIN.at/ebooks/aufwaermen/
Stunde in 10 Sekunden planen (kostenlose App): https://DEINE-DOMAIN.at/app/";Die ganze Anleitung zum Ausdrucken findest du hier: https://DEINE-DOMAIN.at/spiele/schleifenraub/
mznu2ynss3U;Klug&Fit Standweitsprung;9774;https://DEINE-DOMAIN.at/spiele/standweitsprung/;"Anleitung mit Ansagetext, Varianten und Sicherheitshinweis: https://DEINE-DOMAIN.at/spiele/standweitsprung/
Im E-Book „Fit im Schulsport“ (12,90 €): https://DEINE-DOMAIN.at/ebooks/fitness/
Stunde in 10 Sekunden planen (kostenlose App): https://DEINE-DOMAIN.at/app/";Die ganze Anleitung zum Ausdrucken findest du hier: https://DEINE-DOMAIN.at/spiele/standweitsprung/
xy-h1Vls90E;5 Teamworkspiele Unterstufe;9696;https://DEINE-DOMAIN.at/spiele/5-teamworkspiele-unterstufe/;"Mehr als 480 Spiele mit Filter nach Schulstufe: https://DEINE-DOMAIN.at/spiele/
Stunde in 10 Sekunden planen (kostenlose App): https://DEINE-DOMAIN.at/app/
Gratis-PDF „5 Spiele, die immer funktionieren“: https://DEINE-DOMAIN.at/kostenlos/";Passende Spiele für deine Stunde findest du hier: https://DEINE-DOMAIN.at/spiele/5-teamworkspiele-unterstufe/
1Ka-8V4XOzI;Schleifenball;9579;https://DEINE-DOMAIN.at/spiele/schleifenball/;"Mehr als 480 Spiele mit Filter nach Schulstufe: https://DEINE-DOMAIN.at/spiele/
Stunde in 10 Sekunden planen (kostenlose App): https://DEINE-DOMAIN.at/app/
Gratis-PDF „5 Spiele, die immer funktionieren“: https://DEINE-DOMAIN.at/kostenlos/";Passende Spiele für deine Stunde findest du hier: https://DEINE-DOMAIN.at/spiele/schleifenball/
84rnJiXmXU0;Rettungsboot;9545;https://DEINE-DOMAIN.at/spiele/rettungsboot/;"Mehr als 480 Spiele mit Filter nach Schulstufe: https://DEINE-DOMAIN.at/spiele/
Stunde in 10 Sekunden planen (kostenlose App): https://DEINE-DOMAIN.at/app/
Gratis-PDF „5 Spiele, die immer funktionieren“: https://DEINE-DOMAIN.at/kostenlos/";Passende Spiele für deine Stunde findest du hier: https://DEINE-DOMAIN.at/spiele/rettungsboot/
lEu4r4taHJ8;Voltigieren;9070;https://DEINE-DOMAIN.at/spiele/voltigieren/;"Mehr als 480 Spiele mit Filter nach Schulstufe: https://DEINE-DOMAIN.at/spiele/
Stunde in 10 Sekunden planen (kostenlose App): https://DEINE-DOMAIN.at/app/
Gratis-PDF „5 Spiele, die immer funktionieren“: https://DEINE-DOMAIN.at/kostenlos/";Passende Spiele für deine Stunde findest du hier: https://DEINE-DOMAIN.at/spiele/voltigieren/
dGPgCc1Y1X8;Basketball Stoppschritt;8875;https://DEINE-DOMAIN.at/spiele/basketball-stoppschritt/;"Mehr als 480 Spiele mit Filter nach Schulstufe: https://DEINE-DOMAIN.at/spiele/
Stunde in 10 Sekunden planen (kostenlose App): https://DEINE-DOMAIN.at/app/
Gratis-PDF „5 Spiele, die immer funktionieren“: https://DEINE-DOMAIN.at/kostenlos/";Passende Spiele für deine Stunde findest du hier: https://DEINE-DOMAIN.at/spiele/basketball-stoppschritt/
AKfsj8ksbr4;Volleyball Linienlauf;8728;https://DEINE-DOMAIN.at/spiele/volleyball-linienlauf/;"Anleitung mit Ansagetext, Varianten und Sicherheitshinweis: https://DEINE-DOMAIN.at/spiele/volleyball-linienlauf/
Im E-Book „Aufwärmen in 5 Minuten“ (9,90 €): https://DEINE-DOMAIN.at/ebooks/aufwaermen/
Stunde in 10 Sekunden planen (kostenlose App): https://DEINE-DOMAIN.at/app/";Die ganze Anleitung zum Ausdrucken findest du hier: https://DEINE-DOMAIN.at/spiele/volleyball-linienlauf/
VxPHEe1DM3M;4 Ecken Fußball;8706;https://DEINE-DOMAIN.at/spiele/4-ecken-fussball/;"Mehr als 480 Spiele mit Filter nach Schulstufe: https://DEINE-DOMAIN.at/spiele/
Stunde in 10 Sekunden planen (kostenlose App): https://DEINE-DOMAIN.at/app/
Gratis-PDF „5 Spiele, die immer funktionieren“: https://DEINE-DOMAIN.at/kostenlos/";Passende Spiele für deine Stunde findest du hier: https://DEINE-DOMAIN.at/spiele/4-ecken-fussball/
3T6YOZFIGpo;Sprungrolle lernen;8681;https://DEINE-DOMAIN.at/spiele/sprungrolle/;"Anleitung mit Ansagetext, Varianten und Sicherheitshinweis: https://DEINE-DOMAIN.at/spiele/sprungrolle/
Im E-Book „Turnen sicher unterrichten“ (14,90 €): https://DEINE-DOMAIN.at/ebooks/turnen/
Stunde in 10 Sekunden planen (kostenlose App): https://DEINE-DOMAIN.at/app/";Die ganze Anleitung zum Ausdrucken findest du hier: https://DEINE-DOMAIN.at/spiele/sprungrolle/
rwFIbblxp6g;Kniehangabgang an der Sprossenwand;8679;https://DEINE-DOMAIN.at/spiele/kniehang-und-kniehangabgang/;"Anleitung mit Ansagetext, Varianten und Sicherheitshinweis: https://DEINE-DOMAIN.at/spiele/kniehang-und-kniehangabgang/
Im E-Book „Turnen sicher unterrichten“ (14,90 €): https://DEINE-DOMAIN.at/ebooks/turnen/
Stunde in 10 Sekunden planen (kostenlose App): https://DEINE-DOMAIN.at/app/";Die ganze Anleitung zum Ausdrucken findest du hier: https://DEINE-DOMAIN.at/spiele/kniehang-und-kniehangabgang/
tdm5LRAX2p4;Kegelfußball;8535;https://DEINE-DOMAIN.at/spiele/kegelfussball/;"Mehr als 480 Spiele mit Filter nach Schulstufe: https://DEINE-DOMAIN.at/spiele/
Stunde in 10 Sekunden planen (kostenlose App): https://DEINE-DOMAIN.at/app/
Gratis-PDF „5 Spiele, die immer funktionieren“: https://DEINE-DOMAIN.at/kostenlos/";Passende Spiele für deine Stunde findest du hier: https://DEINE-DOMAIN.at/spiele/kegelfussball/
dblSNsF6YyQ;Kraulschwimmen Lernen;8476;https://DEINE-DOMAIN.at/spiele/kraulschwimmen-lernen/;"Mehr als 480 Spiele mit Filter nach Schulstufe: https://DEINE-DOMAIN.at/spiele/
Stunde in 10 Sekunden planen (kostenlose App): https://DEINE-DOMAIN.at/app/
Gratis-PDF „5 Spiele, die immer funktionieren“: https://DEINE-DOMAIN.at/kostenlos/";Passende Spiele für deine Stunde findest du hier: https://DEINE-DOMAIN.at/spiele/kraulschwimmen-lernen/
Ztu4dSEdfts;Klettern und Hangeln;8310;https://DEINE-DOMAIN.at/spiele/klettern-und-hangeln/;"Anleitung mit Ansagetext, Varianten und Sicherheitshinweis: https://DEINE-DOMAIN.at/spiele/klettern-und-hangeln/
Im E-Book „Turnen sicher unterrichten“ (14,90 €): https://DEINE-DOMAIN.at/ebooks/turnen/
Stunde in 10 Sekunden planen (kostenlose App): https://DEINE-DOMAIN.at/app/";Die ganze Anleitung zum Ausdrucken findest du hier: https://DEINE-DOMAIN.at/spiele/klettern-und-hangeln/
D8NXmxSYEIo;Chinese Jump Rope;8240;https://DEINE-DOMAIN.at/spiele/gummitwist-chinese-jump-rope/;"Anleitung mit Ansagetext, Varianten und Sicherheitshinweis: https://DEINE-DOMAIN.at/spiele/gummitwist-chinese-jump-rope/
Im E-Book „Fit im Schulsport“ (12,90 €): https://DEINE-DOMAIN.at/ebooks/fitness/
Stunde in 10 Sekunden planen (kostenlose App): https://DEINE-DOMAIN.at/app/";Die ganze Anleitung zum Ausdrucken findest du hier: https://DEINE-DOMAIN.at/spiele/gummitwist-chinese-jump-rope/
uw8LcbaeYkY;Inselvölkerball;8230;https://DEINE-DOMAIN.at/spiele/inselvoelkerball/;"Mehr als 480 Spiele mit Filter nach Schulstufe: https://DEINE-DOMAIN.at/spiele/
Stunde in 10 Sekunden planen (kostenlose App): https://DEINE-DOMAIN.at/app/
Gratis-PDF „5 Spiele, die immer funktionieren“: https://DEINE-DOMAIN.at/kostenlos/";Passende Spiele für deine Stunde findest du hier: https://DEINE-DOMAIN.at/spiele/inselvoelkerball/
rgwLFljqbik;Klug&Fit 8 Minuten-Lauf;8217;https://DEINE-DOMAIN.at/spiele/klug-fit-8-minuten-lauf/;"Anleitung mit Ansagetext, Varianten und Sicherheitshinweis: https://DEINE-DOMAIN.at/spiele/klug-fit-8-minuten-lauf/
Im E-Book „Aufwärmen in 5 Minuten“ (9,90 €): https://DEINE-DOMAIN.at/ebooks/aufwaermen/
Stunde in 10 Sekunden planen (kostenlose App): https://DEINE-DOMAIN.at/app/";Die ganze Anleitung zum Ausdrucken findest du hier: https://DEINE-DOMAIN.at/spiele/klug-fit-8-minuten-lauf/
hQZiFhoqMZ4;Indiana Jones;8060;https://DEINE-DOMAIN.at/spiele/indiana-jones/;"Mehr als 480 Spiele mit Filter nach Schulstufe: https://DEINE-DOMAIN.at/spiele/
Stunde in 10 Sekunden planen (kostenlose App): https://DEINE-DOMAIN.at/app/
Gratis-PDF „5 Spiele, die immer funktionieren“: https://DEINE-DOMAIN.at/kostenlos/";Passende Spiele für deine Stunde findest du hier: https://DEINE-DOMAIN.at/spiele/indiana-jones/
3W2MEIaEOcQ;Ballgeschicklichkeit Fortgeschrittene;7954;https://DEINE-DOMAIN.at/spiele/ballgeschicklichkeit-fortgeschrittene/;"Mehr als 480 Spiele mit Filter nach Schulstufe: https://DEINE-DOMAIN.at/spiele/
Stunde in 10 Sekunden planen (kostenlose App): https://DEINE-DOMAIN.at/app/
Gratis-PDF „5 Spiele, die immer funktionieren“: https://DEINE-DOMAIN.at/kostenlos/";Passende Spiele für deine Stunde findest du hier: https://DEINE-DOMAIN.at/spiele/ballgeschicklichkeit-fortgeschrittene/
1hPJb4-yFNs;Tabata für Kinder;7952;https://DEINE-DOMAIN.at/spiele/tabata-fuer-kinder/;"Anleitung mit Ansagetext, Varianten und Sicherheitshinweis: https://DEINE-DOMAIN.at/spiele/tabata-fuer-kinder/
Im E-Book „Fit im Schulsport“ (12,90 €): https://DEINE-DOMAIN.at/ebooks/fitness/
Stunde in 10 Sekunden planen (kostenlose App): https://DEINE-DOMAIN.at/app/";Die ganze Anleitung zum Ausdrucken findest du hier: https://DEINE-DOMAIN.at/spiele/tabata-fuer-kinder/
yXUYbhiGH-M;Hürdenspringen;7895;https://DEINE-DOMAIN.at/spiele/huerdenspringen/;"Anleitung mit Ansagetext, Varianten und Sicherheitshinweis: https://DEINE-DOMAIN.at/spiele/huerdenspringen/
Im E-Book „Fit im Schulsport“ (12,90 €): https://DEINE-DOMAIN.at/ebooks/fitness/
Stunde in 10 Sekunden planen (kostenlose App): https://DEINE-DOMAIN.at/app/";Die ganze Anleitung zum Ausdrucken findest du hier: https://DEINE-DOMAIN.at/spiele/huerdenspringen/
sz0qLihTkPA;Seeungeheuer;7849;https://DEINE-DOMAIN.at/spiele/seeungeheuer/;"Anleitung mit Ansagetext, Varianten und Sicherheitshinweis: https://DEINE-DOMAIN.at/spiele/seeungeheuer/
Im E-Book „Aufwärmen in 5 Minuten“ (9,90 €): https://DEINE-DOMAIN.at/ebooks/aufwaermen/
Stunde in 10 Sekunden planen (kostenlose App): https://DEINE-DOMAIN.at/app/";Die ganze Anleitung zum Ausdrucken findest du hier: https://DEINE-DOMAIN.at/spiele/seeungeheuer/
sFA6gKq9wJs;Spannungsübungen;7794;https://DEINE-DOMAIN.at/spiele/spannungsuebungen/;"Anleitung mit Ansagetext, Varianten und Sicherheitshinweis: https://DEINE-DOMAIN.at/spiele/spannungsuebungen/
Im E-Book „Fit im Schulsport“ (12,90 €): https://DEINE-DOMAIN.at/ebooks/fitness/
Stunde in 10 Sekunden planen (kostenlose App): https://DEINE-DOMAIN.at/app/";Die ganze Anleitung zum Ausdrucken findest du hier: https://DEINE-DOMAIN.at/spiele/spannungsuebungen/
Yry-42FOPyY;Rhythmusschulung mit Bänken Teil 2;7737;https://DEINE-DOMAIN.at/spiele/rhythmusschulung-mit-baenken-teil-2/;"Mehr als 480 Spiele mit Filter nach Schulstufe: https://DEINE-DOMAIN.at/spiele/
Stunde in 10 Sekunden planen (kostenlose App): https://DEINE-DOMAIN.at/app/
Gratis-PDF „5 Spiele, die immer funktionieren“: https://DEINE-DOMAIN.at/kostenlos/";Passende Spiele für deine Stunde findest du hier: https://DEINE-DOMAIN.at/spiele/rhythmusschulung-mit-baenken-teil-2/
sXRVcXmxc4s;Wallspin Teil 1;7649;https://DEINE-DOMAIN.at/spiele/wallspin-teil-1/;"Mehr als 480 Spiele mit Filter nach Schulstufe: https://DEINE-DOMAIN.at/spiele/
Stunde in 10 Sekunden planen (kostenlose App): https://DEINE-DOMAIN.at/app/
Gratis-PDF „5 Spiele, die immer funktionieren“: https://DEINE-DOMAIN.at/kostenlos/";Passende Spiele für deine Stunde findest du hier: https://DEINE-DOMAIN.at/spiele/wallspin-teil-1/
gaZWEqDcPGE;5 schöne Staffelspiele in 4 Minuten;7526;https://DEINE-DOMAIN.at/spiele/5-schoene-staffelspiele-in-4-minuten/;"Mehr als 480 Spiele mit Filter nach Schulstufe: https://DEINE-DOMAIN.at/spiele/
Stunde in 10 Sekunden planen (kostenlose App): https://DEINE-DOMAIN.at/app/
Gratis-PDF „5 Spiele, die immer funktionieren“: https://DEINE-DOMAIN.at/kostenlos/";Passende Spiele für deine Stunde findest du hier: https://DEINE-DOMAIN.at/spiele/5-schoene-staffelspiele-in-4-minuten/
I2N3h9jn8RI;Linienfangen;7482;https://DEINE-DOMAIN.at/spiele/linienfangen/;"Anleitung mit Ansagetext, Varianten und Sicherheitshinweis: https://DEINE-DOMAIN.at/spiele/linienfangen/
Im E-Book „Aufwärmen in 5 Minuten“ (9,90 €): https://DEINE-DOMAIN.at/ebooks/aufwaermen/
Stunde in 10 Sekunden planen (kostenlose App): https://DEINE-DOMAIN.at/app/";Die ganze Anleitung zum Ausdrucken findest du hier: https://DEINE-DOMAIN.at/spiele/linienfangen/
lhowdXIxoiY;Salto Schraube;7477;https://DEINE-DOMAIN.at/spiele/salto-schraube/;"Mehr als 480 Spiele mit Filter nach Schulstufe: https://DEINE-DOMAIN.at/spiele/
Stunde in 10 Sekunden planen (kostenlose App): https://DEINE-DOMAIN.at/app/
Gratis-PDF „5 Spiele, die immer funktionieren“: https://DEINE-DOMAIN.at/kostenlos/";Passende Spiele für deine Stunde findest du hier: https://DEINE-DOMAIN.at/spiele/salto-schraube/
BIOsh8q1FLc;Wurfsstationen;7437;https://DEINE-DOMAIN.at/spiele/wurfsstationen/;"Mehr als 480 Spiele mit Filter nach Schulstufe: https://DEINE-DOMAIN.at/spiele/
Stunde in 10 Sekunden planen (kostenlose App): https://DEINE-DOMAIN.at/app/
Gratis-PDF „5 Spiele, die immer funktionieren“: https://DEINE-DOMAIN.at/kostenlos/";Passende Spiele für deine Stunde findest du hier: https://DEINE-DOMAIN.at/spiele/wurfsstationen/
o6QrQ0-rNzk;Abschießen mit Gymnastikball;7422;https://DEINE-DOMAIN.at/spiele/abschiessen-mit-gymnastikball/;"Mehr als 480 Spiele mit Filter nach Schulstufe: https://DEINE-DOMAIN.at/spiele/
Stunde in 10 Sekunden planen (kostenlose App): https://DEINE-DOMAIN.at/app/
Gratis-PDF „5 Spiele, die immer funktionieren“: https://DEINE-DOMAIN.at/kostenlos/";Passende Spiele für deine Stunde findest du hier: https://DEINE-DOMAIN.at/spiele/abschiessen-mit-gymnastikball/
taBqedum0G4;Kooperative Spiele;7382;https://DEINE-DOMAIN.at/spiele/kooperative-spiele-2/;"Mehr als 480 Spiele mit Filter nach Schulstufe: https://DEINE-DOMAIN.at/spiele/
Stunde in 10 Sekunden planen (kostenlose App): https://DEINE-DOMAIN.at/app/
Gratis-PDF „5 Spiele, die immer funktionieren“: https://DEINE-DOMAIN.at/kostenlos/";Passende Spiele für deine Stunde findest du hier: https://DEINE-DOMAIN.at/spiele/kooperative-spiele-2/
VVmcBkdhVbA;Ostereier klauen;7366;https://DEINE-DOMAIN.at/spiele/ostereier-klauen/;"Anleitung mit Ansagetext, Varianten und Sicherheitshinweis: https://DEINE-DOMAIN.at/spiele/ostereier-klauen/
Im E-Book „Aufwärmen in 5 Minuten“ (9,90 €): https://DEINE-DOMAIN.at/ebooks/aufwaermen/
Stunde in 10 Sekunden planen (kostenlose App): https://DEINE-DOMAIN.at/app/";Die ganze Anleitung zum Ausdrucken findest du hier: https://DEINE-DOMAIN.at/spiele/ostereier-klauen/
9BPxbHtvIoY;Akrobatik;7337;https://DEINE-DOMAIN.at/spiele/akrobatik/;"Mehr als 480 Spiele mit Filter nach Schulstufe: https://DEINE-DOMAIN.at/spiele/
Stunde in 10 Sekunden planen (kostenlose App): https://DEINE-DOMAIN.at/app/
Gratis-PDF „5 Spiele, die immer funktionieren“: https://DEINE-DOMAIN.at/kostenlos/";Passende Spiele für deine Stunde findest du hier: https://DEINE-DOMAIN.at/spiele/akrobatik/
2SmAen5Qfxk;Pantomime;7228;https://DEINE-DOMAIN.at/spiele/pantomime/;"Mehr als 480 Spiele mit Filter nach Schulstufe: https://DEINE-DOMAIN.at/spiele/
Stunde in 10 Sekunden planen (kostenlose App): https://DEINE-DOMAIN.at/app/
Gratis-PDF „5 Spiele, die immer funktionieren“: https://DEINE-DOMAIN.at/kostenlos/";Passende Spiele für deine Stunde findest du hier: https://DEINE-DOMAIN.at/spiele/pantomime/
XWFyyciMSMQ;Aquarium;7196;https://DEINE-DOMAIN.at/spiele/aquarium/;"Mehr als 480 Spiele mit Filter nach Schulstufe: https://DEINE-DOMAIN.at/spiele/
Stunde in 10 Sekunden planen (kostenlose App): https://DEINE-DOMAIN.at/app/
Gratis-PDF „5 Spiele, die immer funktionieren“: https://DEINE-DOMAIN.at/kostenlos/";Passende Spiele für deine Stunde findest du hier: https://DEINE-DOMAIN.at/spiele/aquarium/
AKTQyh5ICE0;Turnstäbe;7175;https://DEINE-DOMAIN.at/spiele/turnstaebe/;"Mehr als 480 Spiele mit Filter nach Schulstufe: https://DEINE-DOMAIN.at/spiele/
Stunde in 10 Sekunden planen (kostenlose App): https://DEINE-DOMAIN.at/app/
Gratis-PDF „5 Spiele, die immer funktionieren“: https://DEINE-DOMAIN.at/kostenlos/";Passende Spiele für deine Stunde findest du hier: https://DEINE-DOMAIN.at/spiele/turnstaebe/
sElQ3pVg6FU;2 Vorbereitungsspiele Basketball;6911;https://DEINE-DOMAIN.at/spiele/2-vorbereitungsspiele-basketball/;"Mehr als 480 Spiele mit Filter nach Schulstufe: https://DEINE-DOMAIN.at/spiele/
Stunde in 10 Sekunden planen (kostenlose App): https://DEINE-DOMAIN.at/app/
Gratis-PDF „5 Spiele, die immer funktionieren“: https://DEINE-DOMAIN.at/kostenlos/";Passende Spiele für deine Stunde findest du hier: https://DEINE-DOMAIN.at/spiele/2-vorbereitungsspiele-basketball/
XvCYpG0wzn4;Landhockey;6900;https://DEINE-DOMAIN.at/spiele/landhockey/;"Mehr als 480 Spiele mit Filter nach Schulstufe: https://DEINE-DOMAIN.at/spiele/
Stunde in 10 Sekunden planen (kostenlose App): https://DEINE-DOMAIN.at/app/
Gratis-PDF „5 Spiele, die immer funktionieren“: https://DEINE-DOMAIN.at/kostenlos/";Passende Spiele für deine Stunde findest du hier: https://DEINE-DOMAIN.at/spiele/landhockey/
IuiNPLTSW2g;Auerbachsalto;6849;https://DEINE-DOMAIN.at/spiele/auerbachsalto-2/;"Mehr als 480 Spiele mit Filter nach Schulstufe: https://DEINE-DOMAIN.at/spiele/
Stunde in 10 Sekunden planen (kostenlose App): https://DEINE-DOMAIN.at/app/
Gratis-PDF „5 Spiele, die immer funktionieren“: https://DEINE-DOMAIN.at/kostenlos/";Passende Spiele für deine Stunde findest du hier: https://DEINE-DOMAIN.at/spiele/auerbachsalto-2/
jKunBHnS2nE;Bodyguard;6801;https://DEINE-DOMAIN.at/spiele/bodyguard/;"Anleitung mit Ansagetext, Varianten und Sicherheitshinweis: https://DEINE-DOMAIN.at/spiele/bodyguard/
Im E-Book „Aufwärmen in 5 Minuten“ (9,90 €): https://DEINE-DOMAIN.at/ebooks/aufwaermen/
Stunde in 10 Sekunden planen (kostenlose App): https://DEINE-DOMAIN.at/app/";Die ganze Anleitung zum Ausdrucken findest du hier: https://DEINE-DOMAIN.at/spiele/bodyguard/
lvU55SaP_3c;Spinne;6788;https://DEINE-DOMAIN.at/spiele/spinne/;"Mehr als 480 Spiele mit Filter nach Schulstufe: https://DEINE-DOMAIN.at/spiele/
Stunde in 10 Sekunden planen (kostenlose App): https://DEINE-DOMAIN.at/app/
Gratis-PDF „5 Spiele, die immer funktionieren“: https://DEINE-DOMAIN.at/kostenlos/";Passende Spiele für deine Stunde findest du hier: https://DEINE-DOMAIN.at/spiele/spinne/
sx3wIEoEMJ4;Vorübungen Rad;6709;https://DEINE-DOMAIN.at/spiele/voruebungen-rad/;"Mehr als 480 Spiele mit Filter nach Schulstufe: https://DEINE-DOMAIN.at/spiele/
Stunde in 10 Sekunden planen (kostenlose App): https://DEINE-DOMAIN.at/app/
Gratis-PDF „5 Spiele, die immer funktionieren“: https://DEINE-DOMAIN.at/kostenlos/";Passende Spiele für deine Stunde findest du hier: https://DEINE-DOMAIN.at/spiele/voruebungen-rad/
ZEIEaOndb4I;Krafttraining mit Teppichfliesen;6607;https://DEINE-DOMAIN.at/spiele/krafttraining-mit-teppichfliesen/;"Anleitung mit Ansagetext, Varianten und Sicherheitshinweis: https://DEINE-DOMAIN.at/spiele/krafttraining-mit-teppichfliesen/
Im E-Book „Fit im Schulsport“ (12,90 €): https://DEINE-DOMAIN.at/ebooks/fitness/
Stunde in 10 Sekunden planen (kostenlose App): https://DEINE-DOMAIN.at/app/";Die ganze Anleitung zum Ausdrucken findest du hier: https://DEINE-DOMAIN.at/spiele/krafttraining-mit-teppichfliesen/
UpszDJxnHLg;Mathe Memory;6444;https://DEINE-DOMAIN.at/spiele/mathe-memory/;"Mehr als 480 Spiele mit Filter nach Schulstufe: https://DEINE-DOMAIN.at/spiele/
Stunde in 10 Sekunden planen (kostenlose App): https://DEINE-DOMAIN.at/app/
Gratis-PDF „5 Spiele, die immer funktionieren“: https://DEINE-DOMAIN.at/kostenlos/";Passende Spiele für deine Stunde findest du hier: https://DEINE-DOMAIN.at/spiele/mathe-memory/
UTd_MjkUVCk;5 spannende Spiele mit Kästen;6382;https://DEINE-DOMAIN.at/spiele/5-spannende-spiele-mit-kaesten/;"Mehr als 480 Spiele mit Filter nach Schulstufe: https://DEINE-DOMAIN.at/spiele/
Stunde in 10 Sekunden planen (kostenlose App): https://DEINE-DOMAIN.at/app/
Gratis-PDF „5 Spiele, die immer funktionieren“: https://DEINE-DOMAIN.at/kostenlos/";Passende Spiele für deine Stunde findest du hier: https://DEINE-DOMAIN.at/spiele/5-spannende-spiele-mit-kaesten/
Szyq2L6FIDE;Hyrox goes School;6339;https://DEINE-DOMAIN.at/spiele/hyrox-goes-school/;"Anleitung mit Ansagetext, Varianten und Sicherheitshinweis: https://DEINE-DOMAIN.at/spiele/hyrox-goes-school/
Im E-Book „Fit im Schulsport“ (12,90 €): https://DEINE-DOMAIN.at/ebooks/fitness/
Stunde in 10 Sekunden planen (kostenlose App): https://DEINE-DOMAIN.at/app/";Die ganze Anleitung zum Ausdrucken findest du hier: https://DEINE-DOMAIN.at/spiele/hyrox-goes-school/
A4tD5Nkp6Xk;Bildhauer;6299;https://DEINE-DOMAIN.at/spiele/bildhauer/;"Mehr als 480 Spiele mit Filter nach Schulstufe: https://DEINE-DOMAIN.at/spiele/
Stunde in 10 Sekunden planen (kostenlose App): https://DEINE-DOMAIN.at/app/
Gratis-PDF „5 Spiele, die immer funktionieren“: https://DEINE-DOMAIN.at/kostenlos/";Passende Spiele für deine Stunde findest du hier: https://DEINE-DOMAIN.at/spiele/bildhauer/
1y2aL2jDodY;8er am Barren;6290;https://DEINE-DOMAIN.at/spiele/8er-am-barren/;"Mehr als 480 Spiele mit Filter nach Schulstufe: https://DEINE-DOMAIN.at/spiele/
Stunde in 10 Sekunden planen (kostenlose App): https://DEINE-DOMAIN.at/app/
Gratis-PDF „5 Spiele, die immer funktionieren“: https://DEINE-DOMAIN.at/kostenlos/";Passende Spiele für deine Stunde findest du hier: https://DEINE-DOMAIN.at/spiele/8er-am-barren/
44Qar8Bt5-o;Schneeballschlacht;6243;https://DEINE-DOMAIN.at/spiele/schneeballschlacht/;"Mehr als 480 Spiele mit Filter nach Schulstufe: https://DEINE-DOMAIN.at/spiele/
Stunde in 10 Sekunden planen (kostenlose App): https://DEINE-DOMAIN.at/app/
Gratis-PDF „5 Spiele, die immer funktionieren“: https://DEINE-DOMAIN.at/kostenlos/";Passende Spiele für deine Stunde findest du hier: https://DEINE-DOMAIN.at/spiele/schneeballschlacht/
ZhstxLtPldU;Schneemannschlacht;6222;https://DEINE-DOMAIN.at/spiele/schneemannschlacht/;"Mehr als 480 Spiele mit Filter nach Schulstufe: https://DEINE-DOMAIN.at/spiele/
Stunde in 10 Sekunden planen (kostenlose App): https://DEINE-DOMAIN.at/app/
Gratis-PDF „5 Spiele, die immer funktionieren“: https://DEINE-DOMAIN.at/kostenlos/";Passende Spiele für deine Stunde findest du hier: https://DEINE-DOMAIN.at/spiele/schneemannschlacht/
QfX2NeD8H3Q;Vortexwurf;6137;https://DEINE-DOMAIN.at/spiele/vortexwurf/;"Anleitung mit Ansagetext, Varianten und Sicherheitshinweis: https://DEINE-DOMAIN.at/spiele/vortexwurf/
Im E-Book „Fit im Schulsport“ (12,90 €): https://DEINE-DOMAIN.at/ebooks/fitness/
Stunde in 10 Sekunden planen (kostenlose App): https://DEINE-DOMAIN.at/app/";Die ganze Anleitung zum Ausdrucken findest du hier: https://DEINE-DOMAIN.at/spiele/vortexwurf/
ek1vB2TsMMc;Delphinkopfsprung;6045;https://DEINE-DOMAIN.at/spiele/delphinkopfsprung/;"Mehr als 480 Spiele mit Filter nach Schulstufe: https://DEINE-DOMAIN.at/spiele/
Stunde in 10 Sekunden planen (kostenlose App): https://DEINE-DOMAIN.at/app/
Gratis-PDF „5 Spiele, die immer funktionieren“: https://DEINE-DOMAIN.at/kostenlos/";Passende Spiele für deine Stunde findest du hier: https://DEINE-DOMAIN.at/spiele/delphinkopfsprung/
Mtgf0C5W9Ow;Agententraining Teil 2;6010;https://DEINE-DOMAIN.at/spiele/agententraining-teil-2/;"Mehr als 480 Spiele mit Filter nach Schulstufe: https://DEINE-DOMAIN.at/spiele/
Stunde in 10 Sekunden planen (kostenlose App): https://DEINE-DOMAIN.at/app/
Gratis-PDF „5 Spiele, die immer funktionieren“: https://DEINE-DOMAIN.at/kostenlos/";Passende Spiele für deine Stunde findest du hier: https://DEINE-DOMAIN.at/spiele/agententraining-teil-2/
P3wgG4IuNjA;Kunststücke Schwimmen;5989;https://DEINE-DOMAIN.at/spiele/kunststuecke-schwimmen/;"Mehr als 480 Spiele mit Filter nach Schulstufe: https://DEINE-DOMAIN.at/spiele/
Stunde in 10 Sekunden planen (kostenlose App): https://DEINE-DOMAIN.at/app/
Gratis-PDF „5 Spiele, die immer funktionieren“: https://DEINE-DOMAIN.at/kostenlos/";Passende Spiele für deine Stunde findest du hier: https://DEINE-DOMAIN.at/spiele/kunststuecke-schwimmen/
Jom4_bYB_SM;Zweikampfspiele Teil 7;5967;https://DEINE-DOMAIN.at/spiele/zweikampfspiele-teil-7/;"Mehr als 480 Spiele mit Filter nach Schulstufe: https://DEINE-DOMAIN.at/spiele/
Stunde in 10 Sekunden planen (kostenlose App): https://DEINE-DOMAIN.at/app/
Gratis-PDF „5 Spiele, die immer funktionieren“: https://DEINE-DOMAIN.at/kostenlos/";Passende Spiele für deine Stunde findest du hier: https://DEINE-DOMAIN.at/spiele/zweikampfspiele-teil-7/
eVwCaFu9sac;Ultimate Ball;5935;https://DEINE-DOMAIN.at/spiele/ultimate-ball/;"Mehr als 480 Spiele mit Filter nach Schulstufe: https://DEINE-DOMAIN.at/spiele/
Stunde in 10 Sekunden planen (kostenlose App): https://DEINE-DOMAIN.at/app/
Gratis-PDF „5 Spiele, die immer funktionieren“: https://DEINE-DOMAIN.at/kostenlos/";Passende Spiele für deine Stunde findest du hier: https://DEINE-DOMAIN.at/spiele/ultimate-ball/
DnFJWsLG8jQ;Can't touch me;5916;https://DEINE-DOMAIN.at/spiele/can-t-touch-me/;"Mehr als 480 Spiele mit Filter nach Schulstufe: https://DEINE-DOMAIN.at/spiele/
Stunde in 10 Sekunden planen (kostenlose App): https://DEINE-DOMAIN.at/app/
Gratis-PDF „5 Spiele, die immer funktionieren“: https://DEINE-DOMAIN.at/kostenlos/";Passende Spiele für deine Stunde findest du hier: https://DEINE-DOMAIN.at/spiele/can-t-touch-me/
jcwd77_JGb4;Verborgene Nummer;5905;https://DEINE-DOMAIN.at/spiele/verborgene-nummer/;"Mehr als 480 Spiele mit Filter nach Schulstufe: https://DEINE-DOMAIN.at/spiele/
Stunde in 10 Sekunden planen (kostenlose App): https://DEINE-DOMAIN.at/app/
Gratis-PDF „5 Spiele, die immer funktionieren“: https://DEINE-DOMAIN.at/kostenlos/";Passende Spiele für deine Stunde findest du hier: https://DEINE-DOMAIN.at/spiele/verborgene-nummer/
6BW-0vp3k9g;Rollball;5832;https://DEINE-DOMAIN.at/spiele/rollball/;"Mehr als 480 Spiele mit Filter nach Schulstufe: https://DEINE-DOMAIN.at/spiele/
Stunde in 10 Sekunden planen (kostenlose App): https://DEINE-DOMAIN.at/app/
Gratis-PDF „5 Spiele, die immer funktionieren“: https://DEINE-DOMAIN.at/kostenlos/";Passende Spiele für deine Stunde findest du hier: https://DEINE-DOMAIN.at/spiele/rollball/
86OHjec5lqg;Memorylauf;5684;https://DEINE-DOMAIN.at/spiele/memorylauf/;"Anleitung mit Ansagetext, Varianten und Sicherheitshinweis: https://DEINE-DOMAIN.at/spiele/memorylauf/
Im E-Book „Aufwärmen in 5 Minuten“ (9,90 €): https://DEINE-DOMAIN.at/ebooks/aufwaermen/
Stunde in 10 Sekunden planen (kostenlose App): https://DEINE-DOMAIN.at/app/";Die ganze Anleitung zum Ausdrucken findest du hier: https://DEINE-DOMAIN.at/spiele/memorylauf/
v4f9OqurpfI;Handball;5638;https://DEINE-DOMAIN.at/spiele/handball/;"Mehr als 480 Spiele mit Filter nach Schulstufe: https://DEINE-DOMAIN.at/spiele/
Stunde in 10 Sekunden planen (kostenlose App): https://DEINE-DOMAIN.at/app/
Gratis-PDF „5 Spiele, die immer funktionieren“: https://DEINE-DOMAIN.at/kostenlos/";Passende Spiele für deine Stunde findest du hier: https://DEINE-DOMAIN.at/spiele/handball/
1DOCDUcMi8k;Teamakrobatik;5630;https://DEINE-DOMAIN.at/spiele/teamakrobatik-gruppenpyramiden/;"Anleitung mit Ansagetext, Varianten und Sicherheitshinweis: https://DEINE-DOMAIN.at/spiele/teamakrobatik-gruppenpyramiden/
Im E-Book „Turnen sicher unterrichten“ (14,90 €): https://DEINE-DOMAIN.at/ebooks/turnen/
Stunde in 10 Sekunden planen (kostenlose App): https://DEINE-DOMAIN.at/app/";Die ganze Anleitung zum Ausdrucken findest du hier: https://DEINE-DOMAIN.at/spiele/teamakrobatik-gruppenpyramiden/
gJW27lCkH50;Fußballtennis;5593;https://DEINE-DOMAIN.at/spiele/fussballtennis/;"Mehr als 480 Spiele mit Filter nach Schulstufe: https://DEINE-DOMAIN.at/spiele/
Stunde in 10 Sekunden planen (kostenlose App): https://DEINE-DOMAIN.at/app/
Gratis-PDF „5 Spiele, die immer funktionieren“: https://DEINE-DOMAIN.at/kostenlos/";Passende Spiele für deine Stunde findest du hier: https://DEINE-DOMAIN.at/spiele/fussballtennis/
cZRAvYn4NCw;Catch the Chicken;5531;https://DEINE-DOMAIN.at/spiele/catch-the-chicken/;"Anleitung mit Ansagetext, Varianten und Sicherheitshinweis: https://DEINE-DOMAIN.at/spiele/catch-the-chicken/
Im E-Book „Aufwärmen in 5 Minuten“ (9,90 €): https://DEINE-DOMAIN.at/ebooks/aufwaermen/
Stunde in 10 Sekunden planen (kostenlose App): https://DEINE-DOMAIN.at/app/";Die ganze Anleitung zum Ausdrucken findest du hier: https://DEINE-DOMAIN.at/spiele/catch-the-chicken/
8mT7OACVh8Y;Ameisenspiel;5491;https://DEINE-DOMAIN.at/spiele/ameisenspiel/;"Anleitung mit Ansagetext, Varianten und Sicherheitshinweis: https://DEINE-DOMAIN.at/spiele/ameisenspiel/
Im E-Book „Aufwärmen in 5 Minuten“ (9,90 €): https://DEINE-DOMAIN.at/ebooks/aufwaermen/
Stunde in 10 Sekunden planen (kostenlose App): https://DEINE-DOMAIN.at/app/";Die ganze Anleitung zum Ausdrucken findest du hier: https://DEINE-DOMAIN.at/spiele/ameisenspiel/
F5qym_mQ9NQ;Socken- Challenge;5354;https://DEINE-DOMAIN.at/spiele/socken-challenge/;"Mehr als 480 Spiele mit Filter nach Schulstufe: https://DEINE-DOMAIN.at/spiele/
Stunde in 10 Sekunden planen (kostenlose App): https://DEINE-DOMAIN.at/app/
Gratis-PDF „5 Spiele, die immer funktionieren“: https://DEINE-DOMAIN.at/kostenlos/";Passende Spiele für deine Stunde findest du hier: https://DEINE-DOMAIN.at/spiele/socken-challenge/
K2Lvylp-lFc;Winter Challenge;5157;https://DEINE-DOMAIN.at/spiele/winter-challenge/;"Mehr als 480 Spiele mit Filter nach Schulstufe: https://DEINE-DOMAIN.at/spiele/
Stunde in 10 Sekunden planen (kostenlose App): https://DEINE-DOMAIN.at/app/
Gratis-PDF „5 Spiele, die immer funktionieren“: https://DEINE-DOMAIN.at/kostenlos/";Passende Spiele für deine Stunde findest du hier: https://DEINE-DOMAIN.at/spiele/winter-challenge/
uu0MLltGQao;Schnelles Fangspiel mit Turnbänken;5116;https://DEINE-DOMAIN.at/spiele/schnelles-fangspiel-mit-turnbaenken/;"Anleitung mit Ansagetext, Varianten und Sicherheitshinweis: https://DEINE-DOMAIN.at/spiele/schnelles-fangspiel-mit-turnbaenken/
Im E-Book „Aufwärmen in 5 Minuten“ (9,90 €): https://DEINE-DOMAIN.at/ebooks/aufwaermen/
Stunde in 10 Sekunden planen (kostenlose App): https://DEINE-DOMAIN.at/app/";Die ganze Anleitung zum Ausdrucken findest du hier: https://DEINE-DOMAIN.at/spiele/schnelles-fangspiel-mit-turnbaenken/
aony2Tn4tMs;Basketball Circuit;5072;https://DEINE-DOMAIN.at/spiele/basketball-circuit/;"Mehr als 480 Spiele mit Filter nach Schulstufe: https://DEINE-DOMAIN.at/spiele/
Stunde in 10 Sekunden planen (kostenlose App): https://DEINE-DOMAIN.at/app/
Gratis-PDF „5 Spiele, die immer funktionieren“: https://DEINE-DOMAIN.at/kostenlos/";Passende Spiele für deine Stunde findest du hier: https://DEINE-DOMAIN.at/spiele/basketball-circuit/
3_0loxKpWxA;Rhythmusschulung mit Bänken Teil 3;4962;https://DEINE-DOMAIN.at/spiele/rhythmusschulung-mit-baenken-teil-3/;"Mehr als 480 Spiele mit Filter nach Schulstufe: https://DEINE-DOMAIN.at/spiele/
Stunde in 10 Sekunden planen (kostenlose App): https://DEINE-DOMAIN.at/app/
Gratis-PDF „5 Spiele, die immer funktionieren“: https://DEINE-DOMAIN.at/kostenlos/";Passende Spiele für deine Stunde findest du hier: https://DEINE-DOMAIN.at/spiele/rhythmusschulung-mit-baenken-teil-3/
zNtV_qm6h1Y;Ballprellball;4938;https://DEINE-DOMAIN.at/spiele/ballprellball/;"Mehr als 480 Spiele mit Filter nach Schulstufe: https://DEINE-DOMAIN.at/spiele/
Stunde in 10 Sekunden planen (kostenlose App): https://DEINE-DOMAIN.at/app/
Gratis-PDF „5 Spiele, die immer funktionieren“: https://DEINE-DOMAIN.at/kostenlos/";Passende Spiele für deine Stunde findest du hier: https://DEINE-DOMAIN.at/spiele/ballprellball/
Ks_PRhoEN3Y;TDS Hindernislauf;4936;https://DEINE-DOMAIN.at/spiele/tds-hindernislauf/;"Anleitung mit Ansagetext, Varianten und Sicherheitshinweis: https://DEINE-DOMAIN.at/spiele/tds-hindernislauf/
Im E-Book „Fit im Schulsport“ (12,90 €): https://DEINE-DOMAIN.at/ebooks/fitness/
Stunde in 10 Sekunden planen (kostenlose App): https://DEINE-DOMAIN.at/app/";Die ganze Anleitung zum Ausdrucken findest du hier: https://DEINE-DOMAIN.at/spiele/tds-hindernislauf/
l9rdmOSV96Y;Tierspiel;4930;https://DEINE-DOMAIN.at/spiele/tierspiel/;"Anleitung mit Ansagetext, Varianten und Sicherheitshinweis: https://DEINE-DOMAIN.at/spiele/tierspiel/
Im E-Book „Aufwärmen in 5 Minuten“ (9,90 €): https://DEINE-DOMAIN.at/ebooks/aufwaermen/
Stunde in 10 Sekunden planen (kostenlose App): https://DEINE-DOMAIN.at/app/";Die ganze Anleitung zum Ausdrucken findest du hier: https://DEINE-DOMAIN.at/spiele/tierspiel/
86rwCB7bZUI;Reifenpyramide;4925;https://DEINE-DOMAIN.at/spiele/reifenpyramide/;"Mehr als 480 Spiele mit Filter nach Schulstufe: https://DEINE-DOMAIN.at/spiele/
Stunde in 10 Sekunden planen (kostenlose App): https://DEINE-DOMAIN.at/app/
Gratis-PDF „5 Spiele, die immer funktionieren“: https://DEINE-DOMAIN.at/kostenlos/";Passende Spiele für deine Stunde findest du hier: https://DEINE-DOMAIN.at/spiele/reifenpyramide/
BNWUKCcC7Fs;Lauf und Sprungkoordination;4901;https://DEINE-DOMAIN.at/spiele/lauf-und-sprungkoordination/;"Anleitung mit Ansagetext, Varianten und Sicherheitshinweis: https://DEINE-DOMAIN.at/spiele/lauf-und-sprungkoordination/
Im E-Book „Aufwärmen in 5 Minuten“ (9,90 €): https://DEINE-DOMAIN.at/ebooks/aufwaermen/
Stunde in 10 Sekunden planen (kostenlose App): https://DEINE-DOMAIN.at/app/";Die ganze Anleitung zum Ausdrucken findest du hier: https://DEINE-DOMAIN.at/spiele/lauf-und-sprungkoordination/
eSA48c0EJ5Y;Kopfstand lernen;4891;https://DEINE-DOMAIN.at/spiele/kopfstand/;"Anleitung mit Ansagetext, Varianten und Sicherheitshinweis: https://DEINE-DOMAIN.at/spiele/kopfstand/
Im E-Book „Turnen sicher unterrichten“ (14,90 €): https://DEINE-DOMAIN.at/ebooks/turnen/
Stunde in 10 Sekunden planen (kostenlose App): https://DEINE-DOMAIN.at/app/";Die ganze Anleitung zum Ausdrucken findest du hier: https://DEINE-DOMAIN.at/spiele/kopfstand/
Cp-txjeNYAw;Ulitmate Ball;4889;https://DEINE-DOMAIN.at/spiele/ulitmate-ball/;"Mehr als 480 Spiele mit Filter nach Schulstufe: https://DEINE-DOMAIN.at/spiele/
Stunde in 10 Sekunden planen (kostenlose App): https://DEINE-DOMAIN.at/app/
Gratis-PDF „5 Spiele, die immer funktionieren“: https://DEINE-DOMAIN.at/kostenlos/";Passende Spiele für deine Stunde findest du hier: https://DEINE-DOMAIN.at/spiele/ulitmate-ball/
-676WDxz9Ho;Mensch ärgere dich nicht;4826;https://DEINE-DOMAIN.at/spiele/mensch-aergere-dich-nicht/;"Mehr als 480 Spiele mit Filter nach Schulstufe: https://DEINE-DOMAIN.at/spiele/
Stunde in 10 Sekunden planen (kostenlose App): https://DEINE-DOMAIN.at/app/
Gratis-PDF „5 Spiele, die immer funktionieren“: https://DEINE-DOMAIN.at/kostenlos/";Passende Spiele für deine Stunde findest du hier: https://DEINE-DOMAIN.at/spiele/mensch-aergere-dich-nicht/
b3aRTLTxnfE;Rollbrettführerschein;4808;https://DEINE-DOMAIN.at/spiele/rollbrettfuehrerschein/;"Mehr als 480 Spiele mit Filter nach Schulstufe: https://DEINE-DOMAIN.at/spiele/
Stunde in 10 Sekunden planen (kostenlose App): https://DEINE-DOMAIN.at/app/
Gratis-PDF „5 Spiele, die immer funktionieren“: https://DEINE-DOMAIN.at/kostenlos/";Passende Spiele für deine Stunde findest du hier: https://DEINE-DOMAIN.at/spiele/rollbrettfuehrerschein/
1BduuH6BIrE;Teamspiele;4791;https://DEINE-DOMAIN.at/spiele/teamspiele/;"Mehr als 480 Spiele mit Filter nach Schulstufe: https://DEINE-DOMAIN.at/spiele/
Stunde in 10 Sekunden planen (kostenlose App): https://DEINE-DOMAIN.at/app/
Gratis-PDF „5 Spiele, die immer funktionieren“: https://DEINE-DOMAIN.at/kostenlos/";Passende Spiele für deine Stunde findest du hier: https://DEINE-DOMAIN.at/spiele/teamspiele/
XxCsHtgpDkQ;24 Runden von LeMans;4785;https://DEINE-DOMAIN.at/spiele/24-runden-von-le-mans/;"Anleitung mit Ansagetext, Varianten und Sicherheitshinweis: https://DEINE-DOMAIN.at/spiele/24-runden-von-le-mans/
Im E-Book „Fit im Schulsport“ (12,90 €): https://DEINE-DOMAIN.at/ebooks/fitness/
Stunde in 10 Sekunden planen (kostenlose App): https://DEINE-DOMAIN.at/app/";Die ganze Anleitung zum Ausdrucken findest du hier: https://DEINE-DOMAIN.at/spiele/24-runden-von-le-mans/
AGVhHs5yRRU;Laufschule Hopserlauf;4779;https://DEINE-DOMAIN.at/spiele/laufschule-hopserlauf/;"Anleitung mit Ansagetext, Varianten und Sicherheitshinweis: https://DEINE-DOMAIN.at/spiele/laufschule-hopserlauf/
Im E-Book „Aufwärmen in 5 Minuten“ (9,90 €): https://DEINE-DOMAIN.at/ebooks/aufwaermen/
Stunde in 10 Sekunden planen (kostenlose App): https://DEINE-DOMAIN.at/app/";Die ganze Anleitung zum Ausdrucken findest du hier: https://DEINE-DOMAIN.at/spiele/laufschule-hopserlauf/
_ywW-9OwJKc;2 actiongeladene Staffelspiele;4766;https://DEINE-DOMAIN.at/spiele/2-actiongeladene-staffelspiele/;"Mehr als 480 Spiele mit Filter nach Schulstufe: https://DEINE-DOMAIN.at/spiele/
Stunde in 10 Sekunden planen (kostenlose App): https://DEINE-DOMAIN.at/app/
Gratis-PDF „5 Spiele, die immer funktionieren“: https://DEINE-DOMAIN.at/kostenlos/";Passende Spiele für deine Stunde findest du hier: https://DEINE-DOMAIN.at/spiele/2-actiongeladene-staffelspiele/
hQH6edlh5r4;Top 4 Staffelspiele mit Turnstäben | Teamwork statt Tempo!;4752;https://DEINE-DOMAIN.at/spiele/top-4-staffelspiele-mit-turnstaeben-teamwork-statt-tempo/;"Mehr als 480 Spiele mit Filter nach Schulstufe: https://DEINE-DOMAIN.at/spiele/
Stunde in 10 Sekunden planen (kostenlose App): https://DEINE-DOMAIN.at/app/
Gratis-PDF „5 Spiele, die immer funktionieren“: https://DEINE-DOMAIN.at/kostenlos/";Passende Spiele für deine Stunde findest du hier: https://DEINE-DOMAIN.at/spiele/top-4-staffelspiele-mit-turnstaeben-teamwork-statt-tempo/
2LgCwyVp7Qg;Aufsetzer Handball;4657;https://DEINE-DOMAIN.at/spiele/aufsetzer-handball/;"Mehr als 480 Spiele mit Filter nach Schulstufe: https://DEINE-DOMAIN.at/spiele/
Stunde in 10 Sekunden planen (kostenlose App): https://DEINE-DOMAIN.at/app/
Gratis-PDF „5 Spiele, die immer funktionieren“: https://DEINE-DOMAIN.at/kostenlos/";Passende Spiele für deine Stunde findest du hier: https://DEINE-DOMAIN.at/spiele/aufsetzer-handball/
s2Xl_EaUyXs;Circuit Cross Unterstufe 1;4649;https://DEINE-DOMAIN.at/spiele/circuit-cross-unterstufe/;"Anleitung mit Ansagetext, Varianten und Sicherheitshinweis: https://DEINE-DOMAIN.at/spiele/circuit-cross-unterstufe/
Im E-Book „Fit im Schulsport“ (12,90 €): https://DEINE-DOMAIN.at/ebooks/fitness/
Stunde in 10 Sekunden planen (kostenlose App): https://DEINE-DOMAIN.at/app/";Die ganze Anleitung zum Ausdrucken findest du hier: https://DEINE-DOMAIN.at/spiele/circuit-cross-unterstufe/
x4OBPFUg84k;Wikingerschiff;4643;https://DEINE-DOMAIN.at/spiele/wikingerschiff/;"Mehr als 480 Spiele mit Filter nach Schulstufe: https://DEINE-DOMAIN.at/spiele/
Stunde in 10 Sekunden planen (kostenlose App): https://DEINE-DOMAIN.at/app/
Gratis-PDF „5 Spiele, die immer funktionieren“: https://DEINE-DOMAIN.at/kostenlos/";Passende Spiele für deine Stunde findest du hier: https://DEINE-DOMAIN.at/spiele/wikingerschiff/
WbEZK9OHWc4;Basketballskills;4622;https://DEINE-DOMAIN.at/spiele/basketballskills/;"Mehr als 480 Spiele mit Filter nach Schulstufe: https://DEINE-DOMAIN.at/spiele/
Stunde in 10 Sekunden planen (kostenlose App): https://DEINE-DOMAIN.at/app/
Gratis-PDF „5 Spiele, die immer funktionieren“: https://DEINE-DOMAIN.at/kostenlos/";Passende Spiele für deine Stunde findest du hier: https://DEINE-DOMAIN.at/spiele/basketballskills/
kR7yoDqqI_4;Handstand lernen;4611;https://DEINE-DOMAIN.at/spiele/handstand-lernen/;"Mehr als 480 Spiele mit Filter nach Schulstufe: https://DEINE-DOMAIN.at/spiele/
Stunde in 10 Sekunden planen (kostenlose App): https://DEINE-DOMAIN.at/app/
Gratis-PDF „5 Spiele, die immer funktionieren“: https://DEINE-DOMAIN.at/kostenlos/";Passende Spiele für deine Stunde findest du hier: https://DEINE-DOMAIN.at/spiele/handstand-lernen/
IRSmumztXkI;Spannende Fangspiele;4586;https://DEINE-DOMAIN.at/spiele/spannende-fangspiele/;"Mehr als 480 Spiele mit Filter nach Schulstufe: https://DEINE-DOMAIN.at/spiele/
Stunde in 10 Sekunden planen (kostenlose App): https://DEINE-DOMAIN.at/app/
Gratis-PDF „5 Spiele, die immer funktionieren“: https://DEINE-DOMAIN.at/kostenlos/";Passende Spiele für deine Stunde findest du hier: https://DEINE-DOMAIN.at/spiele/spannende-fangspiele/
4zvGiZcJFRw;Rad lernen;4570;https://DEINE-DOMAIN.at/spiele/rad-lernen/;"Mehr als 480 Spiele mit Filter nach Schulstufe: https://DEINE-DOMAIN.at/spiele/
Stunde in 10 Sekunden planen (kostenlose App): https://DEINE-DOMAIN.at/app/
Gratis-PDF „5 Spiele, die immer funktionieren“: https://DEINE-DOMAIN.at/kostenlos/";Passende Spiele für deine Stunde findest du hier: https://DEINE-DOMAIN.at/spiele/rad-lernen/
WWJ5KAVZAs8;Schwimmen Kopfsprung rückwärts 1;4536;https://DEINE-DOMAIN.at/spiele/schwimmen-kopfsprung-rueckwaerts-1/;"Mehr als 480 Spiele mit Filter nach Schulstufe: https://DEINE-DOMAIN.at/spiele/
Stunde in 10 Sekunden planen (kostenlose App): https://DEINE-DOMAIN.at/app/
Gratis-PDF „5 Spiele, die immer funktionieren“: https://DEINE-DOMAIN.at/kostenlos/";Passende Spiele für deine Stunde findest du hier: https://DEINE-DOMAIN.at/spiele/schwimmen-kopfsprung-rueckwaerts-1/
hOOVijdphh8;Indoor Biathlon;4517;https://DEINE-DOMAIN.at/spiele/indoor-biathlon/;"Anleitung mit Ansagetext, Varianten und Sicherheitshinweis: https://DEINE-DOMAIN.at/spiele/indoor-biathlon/
Im E-Book „Fit im Schulsport“ (12,90 €): https://DEINE-DOMAIN.at/ebooks/fitness/
Stunde in 10 Sekunden planen (kostenlose App): https://DEINE-DOMAIN.at/app/";Die ganze Anleitung zum Ausdrucken findest du hier: https://DEINE-DOMAIN.at/spiele/indoor-biathlon/
d2nJ_AxVZcI;Anhabiger;4496;https://DEINE-DOMAIN.at/spiele/anhabiger/;"Mehr als 480 Spiele mit Filter nach Schulstufe: https://DEINE-DOMAIN.at/spiele/
Stunde in 10 Sekunden planen (kostenlose App): https://DEINE-DOMAIN.at/app/
Gratis-PDF „5 Spiele, die immer funktionieren“: https://DEINE-DOMAIN.at/kostenlos/";Passende Spiele für deine Stunde findest du hier: https://DEINE-DOMAIN.at/spiele/anhabiger/
nVfZDghOTU0;Klettern und Hangeln 3;4433;https://DEINE-DOMAIN.at/spiele/klettern-und-hangeln-3/;"Mehr als 480 Spiele mit Filter nach Schulstufe: https://DEINE-DOMAIN.at/spiele/
Stunde in 10 Sekunden planen (kostenlose App): https://DEINE-DOMAIN.at/app/
Gratis-PDF „5 Spiele, die immer funktionieren“: https://DEINE-DOMAIN.at/kostenlos/";Passende Spiele für deine Stunde findest du hier: https://DEINE-DOMAIN.at/spiele/klettern-und-hangeln-3/
UhBffw9Na58;Ausdauer Stationen;4420;https://DEINE-DOMAIN.at/spiele/ausdauer-stationen/;"Anleitung mit Ansagetext, Varianten und Sicherheitshinweis: https://DEINE-DOMAIN.at/spiele/ausdauer-stationen/
Im E-Book „Fit im Schulsport“ (12,90 €): https://DEINE-DOMAIN.at/ebooks/fitness/
Stunde in 10 Sekunden planen (kostenlose App): https://DEINE-DOMAIN.at/app/";Die ganze Anleitung zum Ausdrucken findest du hier: https://DEINE-DOMAIN.at/spiele/ausdauer-stationen/
CFZE4XceNJo;Mattenrutschen;4389;https://DEINE-DOMAIN.at/spiele/mattenrutschen/;"Mehr als 480 Spiele mit Filter nach Schulstufe: https://DEINE-DOMAIN.at/spiele/
Stunde in 10 Sekunden planen (kostenlose App): https://DEINE-DOMAIN.at/app/
Gratis-PDF „5 Spiele, die immer funktionieren“: https://DEINE-DOMAIN.at/kostenlos/";Passende Spiele für deine Stunde findest du hier: https://DEINE-DOMAIN.at/spiele/mattenrutschen/
dH9w0hzf_Ek;Pyramidenlauf;4371;https://DEINE-DOMAIN.at/spiele/pyramidenlauf/;"Anleitung mit Ansagetext, Varianten und Sicherheitshinweis: https://DEINE-DOMAIN.at/spiele/pyramidenlauf/
Im E-Book „Aufwärmen in 5 Minuten“ (9,90 €): https://DEINE-DOMAIN.at/ebooks/aufwaermen/
Stunde in 10 Sekunden planen (kostenlose App): https://DEINE-DOMAIN.at/app/";Die ganze Anleitung zum Ausdrucken findest du hier: https://DEINE-DOMAIN.at/spiele/pyramidenlauf/
xhlRF52Yd6E;Hasen jagen;4330;https://DEINE-DOMAIN.at/spiele/hasen-jagen/;"Anleitung mit Ansagetext, Varianten und Sicherheitshinweis: https://DEINE-DOMAIN.at/spiele/hasen-jagen/
Im E-Book „Aufwärmen in 5 Minuten“ (9,90 €): https://DEINE-DOMAIN.at/ebooks/aufwaermen/
Stunde in 10 Sekunden planen (kostenlose App): https://DEINE-DOMAIN.at/app/";Die ganze Anleitung zum Ausdrucken findest du hier: https://DEINE-DOMAIN.at/spiele/hasen-jagen/
_cViPV5OQVo;Circuit mit Bällen;4323;https://DEINE-DOMAIN.at/spiele/circuit-mit-baellen/;"Mehr als 480 Spiele mit Filter nach Schulstufe: https://DEINE-DOMAIN.at/spiele/
Stunde in 10 Sekunden planen (kostenlose App): https://DEINE-DOMAIN.at/app/
Gratis-PDF „5 Spiele, die immer funktionieren“: https://DEINE-DOMAIN.at/kostenlos/";Passende Spiele für deine Stunde findest du hier: https://DEINE-DOMAIN.at/spiele/circuit-mit-baellen/
ZInyYHGcchg;Zielwerfen mit Kästen;4317;https://DEINE-DOMAIN.at/spiele/zielwerfen-mit-kaesten/;"Mehr als 480 Spiele mit Filter nach Schulstufe: https://DEINE-DOMAIN.at/spiele/
Stunde in 10 Sekunden planen (kostenlose App): https://DEINE-DOMAIN.at/app/
Gratis-PDF „5 Spiele, die immer funktionieren“: https://DEINE-DOMAIN.at/kostenlos/";Passende Spiele für deine Stunde findest du hier: https://DEINE-DOMAIN.at/spiele/zielwerfen-mit-kaesten/
BNGcZMz0P5k;Hindernislauf;4315;https://DEINE-DOMAIN.at/spiele/hindernisstaffel/;"Anleitung mit Ansagetext, Varianten und Sicherheitshinweis: https://DEINE-DOMAIN.at/spiele/hindernisstaffel/
Im E-Book „Aufwärmen in 5 Minuten“ (9,90 €): https://DEINE-DOMAIN.at/ebooks/aufwaermen/
Stunde in 10 Sekunden planen (kostenlose App): https://DEINE-DOMAIN.at/app/";Die ganze Anleitung zum Ausdrucken findest du hier: https://DEINE-DOMAIN.at/spiele/hindernisstaffel/
xbFciZyldxI;Biathlon;4222;https://DEINE-DOMAIN.at/spiele/biathlon/;"Mehr als 480 Spiele mit Filter nach Schulstufe: https://DEINE-DOMAIN.at/spiele/
Stunde in 10 Sekunden planen (kostenlose App): https://DEINE-DOMAIN.at/app/
Gratis-PDF „5 Spiele, die immer funktionieren“: https://DEINE-DOMAIN.at/kostenlos/";Passende Spiele für deine Stunde findest du hier: https://DEINE-DOMAIN.at/spiele/biathlon/
JDrO4DDCAzE;Wassergymnastik;4176;https://DEINE-DOMAIN.at/spiele/wassergymnastik/;"Mehr als 480 Spiele mit Filter nach Schulstufe: https://DEINE-DOMAIN.at/spiele/
Stunde in 10 Sekunden planen (kostenlose App): https://DEINE-DOMAIN.at/app/
Gratis-PDF „5 Spiele, die immer funktionieren“: https://DEINE-DOMAIN.at/kostenlos/";Passende Spiele für deine Stunde findest du hier: https://DEINE-DOMAIN.at/spiele/wassergymnastik/
1Ui7ZIvcmpA;Partner Challenge;4107;https://DEINE-DOMAIN.at/spiele/partner-challenge/;"Mehr als 480 Spiele mit Filter nach Schulstufe: https://DEINE-DOMAIN.at/spiele/
Stunde in 10 Sekunden planen (kostenlose App): https://DEINE-DOMAIN.at/app/
Gratis-PDF „5 Spiele, die immer funktionieren“: https://DEINE-DOMAIN.at/kostenlos/";Passende Spiele für deine Stunde findest du hier: https://DEINE-DOMAIN.at/spiele/partner-challenge/
_m2x6r6kl1g;Schwimmen Wasserbasketball;4075;https://DEINE-DOMAIN.at/spiele/schwimmen-wasserbasketball/;"Mehr als 480 Spiele mit Filter nach Schulstufe: https://DEINE-DOMAIN.at/spiele/
Stunde in 10 Sekunden planen (kostenlose App): https://DEINE-DOMAIN.at/app/
Gratis-PDF „5 Spiele, die immer funktionieren“: https://DEINE-DOMAIN.at/kostenlos/";Passende Spiele für deine Stunde findest du hier: https://DEINE-DOMAIN.at/spiele/schwimmen-wasserbasketball/
KrWsTrdw-xw;Wallspin Teil 2;4062;https://DEINE-DOMAIN.at/spiele/wallspin-teil-2/;"Mehr als 480 Spiele mit Filter nach Schulstufe: https://DEINE-DOMAIN.at/spiele/
Stunde in 10 Sekunden planen (kostenlose App): https://DEINE-DOMAIN.at/app/
Gratis-PDF „5 Spiele, die immer funktionieren“: https://DEINE-DOMAIN.at/kostenlos/";Passende Spiele für deine Stunde findest du hier: https://DEINE-DOMAIN.at/spiele/wallspin-teil-2/
47sR9Fz8KuA;Basketballskills;4051;https://DEINE-DOMAIN.at/spiele/basketballskills-2/;"Mehr als 480 Spiele mit Filter nach Schulstufe: https://DEINE-DOMAIN.at/spiele/
Stunde in 10 Sekunden planen (kostenlose App): https://DEINE-DOMAIN.at/app/
Gratis-PDF „5 Spiele, die immer funktionieren“: https://DEINE-DOMAIN.at/kostenlos/";Passende Spiele für deine Stunde findest du hier: https://DEINE-DOMAIN.at/spiele/basketballskills-2/
DmaAsT_jW0c;Minitrampoline Fortgeschrittene;4034;https://DEINE-DOMAIN.at/spiele/minitrampoline-fortgeschrittene/;"Mehr als 480 Spiele mit Filter nach Schulstufe: https://DEINE-DOMAIN.at/spiele/
Stunde in 10 Sekunden planen (kostenlose App): https://DEINE-DOMAIN.at/app/
Gratis-PDF „5 Spiele, die immer funktionieren“: https://DEINE-DOMAIN.at/kostenlos/";Passende Spiele für deine Stunde findest du hier: https://DEINE-DOMAIN.at/spiele/minitrampoline-fortgeschrittene/
B6rTMu46Sxw;Ballschule;4009;https://DEINE-DOMAIN.at/spiele/ballschule/;"Mehr als 480 Spiele mit Filter nach Schulstufe: https://DEINE-DOMAIN.at/spiele/
Stunde in 10 Sekunden planen (kostenlose App): https://DEINE-DOMAIN.at/app/
Gratis-PDF „5 Spiele, die immer funktionieren“: https://DEINE-DOMAIN.at/kostenlos/";Passende Spiele für deine Stunde findest du hier: https://DEINE-DOMAIN.at/spiele/ballschule/
QDP5vJc1BAs;Konditionstraining;3997;https://DEINE-DOMAIN.at/spiele/konditionstraining/;"Mehr als 480 Spiele mit Filter nach Schulstufe: https://DEINE-DOMAIN.at/spiele/
Stunde in 10 Sekunden planen (kostenlose App): https://DEINE-DOMAIN.at/app/
Gratis-PDF „5 Spiele, die immer funktionieren“: https://DEINE-DOMAIN.at/kostenlos/";Passende Spiele für deine Stunde findest du hier: https://DEINE-DOMAIN.at/spiele/konditionstraining/
JjUGQkXNHwc;30 Sprint Spiele;3966;https://DEINE-DOMAIN.at/spiele/30-sprint-spiele/;"Mehr als 480 Spiele mit Filter nach Schulstufe: https://DEINE-DOMAIN.at/spiele/
Stunde in 10 Sekunden planen (kostenlose App): https://DEINE-DOMAIN.at/app/
Gratis-PDF „5 Spiele, die immer funktionieren“: https://DEINE-DOMAIN.at/kostenlos/";Passende Spiele für deine Stunde findest du hier: https://DEINE-DOMAIN.at/spiele/30-sprint-spiele/
VHOe88nd3ow;Great Wall of China;3957;https://DEINE-DOMAIN.at/spiele/great-wall-of-china/;"Mehr als 480 Spiele mit Filter nach Schulstufe: https://DEINE-DOMAIN.at/spiele/
Stunde in 10 Sekunden planen (kostenlose App): https://DEINE-DOMAIN.at/app/
Gratis-PDF „5 Spiele, die immer funktionieren“: https://DEINE-DOMAIN.at/kostenlos/";Passende Spiele für deine Stunde findest du hier: https://DEINE-DOMAIN.at/spiele/great-wall-of-china/
MMWaC-Hgz1Q;Alaska;3908;https://DEINE-DOMAIN.at/spiele/alaska/;"Mehr als 480 Spiele mit Filter nach Schulstufe: https://DEINE-DOMAIN.at/spiele/
Stunde in 10 Sekunden planen (kostenlose App): https://DEINE-DOMAIN.at/app/
Gratis-PDF „5 Spiele, die immer funktionieren“: https://DEINE-DOMAIN.at/kostenlos/";Passende Spiele für deine Stunde findest du hier: https://DEINE-DOMAIN.at/spiele/alaska/
MqN4VmrIE4U;Reaktionschulung;3875;https://DEINE-DOMAIN.at/spiele/reaktionsschulung/;"Anleitung mit Ansagetext, Varianten und Sicherheitshinweis: https://DEINE-DOMAIN.at/spiele/reaktionsschulung/
Im E-Book „Fit im Schulsport“ (12,90 €): https://DEINE-DOMAIN.at/ebooks/fitness/
Stunde in 10 Sekunden planen (kostenlose App): https://DEINE-DOMAIN.at/app/";Die ganze Anleitung zum Ausdrucken findest du hier: https://DEINE-DOMAIN.at/spiele/reaktionsschulung/
FhGBUjp4GO0;Stibitzen;3873;https://DEINE-DOMAIN.at/spiele/stibitzen/;"Mehr als 480 Spiele mit Filter nach Schulstufe: https://DEINE-DOMAIN.at/spiele/
Stunde in 10 Sekunden planen (kostenlose App): https://DEINE-DOMAIN.at/app/
Gratis-PDF „5 Spiele, die immer funktionieren“: https://DEINE-DOMAIN.at/kostenlos/";Passende Spiele für deine Stunde findest du hier: https://DEINE-DOMAIN.at/spiele/stibitzen/
TwgPVuuPUwM;Reise durch Europa;3788;https://DEINE-DOMAIN.at/spiele/reise-durch-europa/;"Mehr als 480 Spiele mit Filter nach Schulstufe: https://DEINE-DOMAIN.at/spiele/
Stunde in 10 Sekunden planen (kostenlose App): https://DEINE-DOMAIN.at/app/
Gratis-PDF „5 Spiele, die immer funktionieren“: https://DEINE-DOMAIN.at/kostenlos/";Passende Spiele für deine Stunde findest du hier: https://DEINE-DOMAIN.at/spiele/reise-durch-europa/
yRUteHDmgds;Minitrampstationen;3786;https://DEINE-DOMAIN.at/spiele/minitrampstationen/;"Mehr als 480 Spiele mit Filter nach Schulstufe: https://DEINE-DOMAIN.at/spiele/
Stunde in 10 Sekunden planen (kostenlose App): https://DEINE-DOMAIN.at/app/
Gratis-PDF „5 Spiele, die immer funktionieren“: https://DEINE-DOMAIN.at/kostenlos/";Passende Spiele für deine Stunde findest du hier: https://DEINE-DOMAIN.at/spiele/minitrampstationen/
os1-5S1g3Ks;2 Völkerballvariationen;3766;https://DEINE-DOMAIN.at/spiele/2-voelkerballvariationen/;"Mehr als 480 Spiele mit Filter nach Schulstufe: https://DEINE-DOMAIN.at/spiele/
Stunde in 10 Sekunden planen (kostenlose App): https://DEINE-DOMAIN.at/app/
Gratis-PDF „5 Spiele, die immer funktionieren“: https://DEINE-DOMAIN.at/kostenlos/";Passende Spiele für deine Stunde findest du hier: https://DEINE-DOMAIN.at/spiele/2-voelkerballvariationen/
5wtBWyHygys;Fliegender Teppich;3765;https://DEINE-DOMAIN.at/spiele/fliegender-teppich/;"Mehr als 480 Spiele mit Filter nach Schulstufe: https://DEINE-DOMAIN.at/spiele/
Stunde in 10 Sekunden planen (kostenlose App): https://DEINE-DOMAIN.at/app/
Gratis-PDF „5 Spiele, die immer funktionieren“: https://DEINE-DOMAIN.at/kostenlos/";Passende Spiele für deine Stunde findest du hier: https://DEINE-DOMAIN.at/spiele/fliegender-teppich/
J_1G5p6gxMU;Olymp;3756;https://DEINE-DOMAIN.at/spiele/olymp/;"Mehr als 480 Spiele mit Filter nach Schulstufe: https://DEINE-DOMAIN.at/spiele/
Stunde in 10 Sekunden planen (kostenlose App): https://DEINE-DOMAIN.at/app/
Gratis-PDF „5 Spiele, die immer funktionieren“: https://DEINE-DOMAIN.at/kostenlos/";Passende Spiele für deine Stunde findest du hier: https://DEINE-DOMAIN.at/spiele/olymp/
Rx9IJjS0SBk;Rettungsball;3740;https://DEINE-DOMAIN.at/spiele/rettungsball/;"Mehr als 480 Spiele mit Filter nach Schulstufe: https://DEINE-DOMAIN.at/spiele/
Stunde in 10 Sekunden planen (kostenlose App): https://DEINE-DOMAIN.at/app/
Gratis-PDF „5 Spiele, die immer funktionieren“: https://DEINE-DOMAIN.at/kostenlos/";Passende Spiele für deine Stunde findest du hier: https://DEINE-DOMAIN.at/spiele/rettungsball/
_tKpdc0yqDU;Seilspringen;3673;https://DEINE-DOMAIN.at/spiele/seilspringen-2/;"Anleitung mit Ansagetext, Varianten und Sicherheitshinweis: https://DEINE-DOMAIN.at/spiele/seilspringen-2/
Im E-Book „Fit im Schulsport“ (12,90 €): https://DEINE-DOMAIN.at/ebooks/fitness/
Stunde in 10 Sekunden planen (kostenlose App): https://DEINE-DOMAIN.at/app/";Die ganze Anleitung zum Ausdrucken findest du hier: https://DEINE-DOMAIN.at/spiele/seilspringen-2/
glKIwGJuYn0;Klug&Fit Bummeranglauf;3670;https://DEINE-DOMAIN.at/spiele/klug-fit-bumeranglauf/;"Anleitung mit Ansagetext, Varianten und Sicherheitshinweis: https://DEINE-DOMAIN.at/spiele/klug-fit-bumeranglauf/
Im E-Book „Aufwärmen in 5 Minuten“ (9,90 €): https://DEINE-DOMAIN.at/ebooks/aufwaermen/
Stunde in 10 Sekunden planen (kostenlose App): https://DEINE-DOMAIN.at/app/";Die ganze Anleitung zum Ausdrucken findest du hier: https://DEINE-DOMAIN.at/spiele/klug-fit-bumeranglauf/
9oL1FJ-8fqo;Wandball;3657;https://DEINE-DOMAIN.at/spiele/wandball/;"Mehr als 480 Spiele mit Filter nach Schulstufe: https://DEINE-DOMAIN.at/spiele/
Stunde in 10 Sekunden planen (kostenlose App): https://DEINE-DOMAIN.at/app/
Gratis-PDF „5 Spiele, die immer funktionieren“: https://DEINE-DOMAIN.at/kostenlos/";Passende Spiele für deine Stunde findest du hier: https://DEINE-DOMAIN.at/spiele/wandball/
YXouz2B1inQ;4 Farben Spiel;3631;https://DEINE-DOMAIN.at/spiele/4-farben-spiel/;"Mehr als 480 Spiele mit Filter nach Schulstufe: https://DEINE-DOMAIN.at/spiele/
Stunde in 10 Sekunden planen (kostenlose App): https://DEINE-DOMAIN.at/app/
Gratis-PDF „5 Spiele, die immer funktionieren“: https://DEINE-DOMAIN.at/kostenlos/";Passende Spiele für deine Stunde findest du hier: https://DEINE-DOMAIN.at/spiele/4-farben-spiel/
TooIMZs8-LQ;Fußballgolf;3583;https://DEINE-DOMAIN.at/spiele/fussballgolf/;"Mehr als 480 Spiele mit Filter nach Schulstufe: https://DEINE-DOMAIN.at/spiele/
Stunde in 10 Sekunden planen (kostenlose App): https://DEINE-DOMAIN.at/app/
Gratis-PDF „5 Spiele, die immer funktionieren“: https://DEINE-DOMAIN.at/kostenlos/";Passende Spiele für deine Stunde findest du hier: https://DEINE-DOMAIN.at/spiele/fussballgolf/
KCjNF7oEX_M;LeBron;3541;https://DEINE-DOMAIN.at/spiele/lebron/;"Mehr als 480 Spiele mit Filter nach Schulstufe: https://DEINE-DOMAIN.at/spiele/
Stunde in 10 Sekunden planen (kostenlose App): https://DEINE-DOMAIN.at/app/
Gratis-PDF „5 Spiele, die immer funktionieren“: https://DEINE-DOMAIN.at/kostenlos/";Passende Spiele für deine Stunde findest du hier: https://DEINE-DOMAIN.at/spiele/lebron/
bkNtHH1iQg4;Klettern und Hangeln 2;3444;https://DEINE-DOMAIN.at/spiele/klettern-und-hangeln-2/;"Mehr als 480 Spiele mit Filter nach Schulstufe: https://DEINE-DOMAIN.at/spiele/
Stunde in 10 Sekunden planen (kostenlose App): https://DEINE-DOMAIN.at/app/
Gratis-PDF „5 Spiele, die immer funktionieren“: https://DEINE-DOMAIN.at/kostenlos/";Passende Spiele für deine Stunde findest du hier: https://DEINE-DOMAIN.at/spiele/klettern-und-hangeln-2/
QY5YBV9uaHc;Jonglieren;3443;https://DEINE-DOMAIN.at/spiele/jonglieren/;"Mehr als 480 Spiele mit Filter nach Schulstufe: https://DEINE-DOMAIN.at/spiele/
Stunde in 10 Sekunden planen (kostenlose App): https://DEINE-DOMAIN.at/app/
Gratis-PDF „5 Spiele, die immer funktionieren“: https://DEINE-DOMAIN.at/kostenlos/";Passende Spiele für deine Stunde findest du hier: https://DEINE-DOMAIN.at/spiele/jonglieren/
nVh4TQF5p18;Reckturnen anders;3428;https://DEINE-DOMAIN.at/spiele/reckturnen-anders/;"Mehr als 480 Spiele mit Filter nach Schulstufe: https://DEINE-DOMAIN.at/spiele/
Stunde in 10 Sekunden planen (kostenlose App): https://DEINE-DOMAIN.at/app/
Gratis-PDF „5 Spiele, die immer funktionieren“: https://DEINE-DOMAIN.at/kostenlos/";Passende Spiele für deine Stunde findest du hier: https://DEINE-DOMAIN.at/spiele/reckturnen-anders/
2Y-nXmIkVm8;Minitramp advanced;3413;https://DEINE-DOMAIN.at/spiele/minitramp-advanced/;"Mehr als 480 Spiele mit Filter nach Schulstufe: https://DEINE-DOMAIN.at/spiele/
Stunde in 10 Sekunden planen (kostenlose App): https://DEINE-DOMAIN.at/app/
Gratis-PDF „5 Spiele, die immer funktionieren“: https://DEINE-DOMAIN.at/kostenlos/";Passende Spiele für deine Stunde findest du hier: https://DEINE-DOMAIN.at/spiele/minitramp-advanced/
VMno7ZXHOz0;Crosstraining im Turnsaal;3403;https://DEINE-DOMAIN.at/spiele/crosstraining-im-turnsaal/;"Anleitung mit Ansagetext, Varianten und Sicherheitshinweis: https://DEINE-DOMAIN.at/spiele/crosstraining-im-turnsaal/
Im E-Book „Fit im Schulsport“ (12,90 €): https://DEINE-DOMAIN.at/ebooks/fitness/
Stunde in 10 Sekunden planen (kostenlose App): https://DEINE-DOMAIN.at/app/";Die ganze Anleitung zum Ausdrucken findest du hier: https://DEINE-DOMAIN.at/spiele/crosstraining-im-turnsaal/
jI0KYS5eElE;Sprunggarten;3278;https://DEINE-DOMAIN.at/spiele/sprunggarten/;"Mehr als 480 Spiele mit Filter nach Schulstufe: https://DEINE-DOMAIN.at/spiele/
Stunde in 10 Sekunden planen (kostenlose App): https://DEINE-DOMAIN.at/app/
Gratis-PDF „5 Spiele, die immer funktionieren“: https://DEINE-DOMAIN.at/kostenlos/";Passende Spiele für deine Stunde findest du hier: https://DEINE-DOMAIN.at/spiele/sprunggarten/
iQzstFz_Sg8;Ninja Warrior;3245;https://DEINE-DOMAIN.at/spiele/ninja-warrior/;"Mehr als 480 Spiele mit Filter nach Schulstufe: https://DEINE-DOMAIN.at/spiele/
Stunde in 10 Sekunden planen (kostenlose App): https://DEINE-DOMAIN.at/app/
Gratis-PDF „5 Spiele, die immer funktionieren“: https://DEINE-DOMAIN.at/kostenlos/";Passende Spiele für deine Stunde findest du hier: https://DEINE-DOMAIN.at/spiele/ninja-warrior/
keY7yKdzBls;Mattensandwich;3216;https://DEINE-DOMAIN.at/spiele/mattensandwich/;"Mehr als 480 Spiele mit Filter nach Schulstufe: https://DEINE-DOMAIN.at/spiele/
Stunde in 10 Sekunden planen (kostenlose App): https://DEINE-DOMAIN.at/app/
Gratis-PDF „5 Spiele, die immer funktionieren“: https://DEINE-DOMAIN.at/kostenlos/";Passende Spiele für deine Stunde findest du hier: https://DEINE-DOMAIN.at/spiele/mattensandwich/
trSnnTanCUM;Spiderman;3213;https://DEINE-DOMAIN.at/spiele/spiderman/;"Mehr als 480 Spiele mit Filter nach Schulstufe: https://DEINE-DOMAIN.at/spiele/
Stunde in 10 Sekunden planen (kostenlose App): https://DEINE-DOMAIN.at/app/
Gratis-PDF „5 Spiele, die immer funktionieren“: https://DEINE-DOMAIN.at/kostenlos/";Passende Spiele für deine Stunde findest du hier: https://DEINE-DOMAIN.at/spiele/spiderman/
5Ee1y2G2tiY;Fußball Ballführung;3174;https://DEINE-DOMAIN.at/spiele/fussball-ballfuehrung/;"Mehr als 480 Spiele mit Filter nach Schulstufe: https://DEINE-DOMAIN.at/spiele/
Stunde in 10 Sekunden planen (kostenlose App): https://DEINE-DOMAIN.at/app/
Gratis-PDF „5 Spiele, die immer funktionieren“: https://DEINE-DOMAIN.at/kostenlos/";Passende Spiele für deine Stunde findest du hier: https://DEINE-DOMAIN.at/spiele/fussball-ballfuehrung/
ueBWedTN7sM;1 Minute Games;3110;https://DEINE-DOMAIN.at/spiele/1-minute-games/;"Mehr als 480 Spiele mit Filter nach Schulstufe: https://DEINE-DOMAIN.at/spiele/
Stunde in 10 Sekunden planen (kostenlose App): https://DEINE-DOMAIN.at/app/
Gratis-PDF „5 Spiele, die immer funktionieren“: https://DEINE-DOMAIN.at/kostenlos/";Passende Spiele für deine Stunde findest du hier: https://DEINE-DOMAIN.at/spiele/1-minute-games/
J5HF9jh-UvQ;Stiegenlauf;3026;https://DEINE-DOMAIN.at/spiele/stiegenlauf/;"Anleitung mit Ansagetext, Varianten und Sicherheitshinweis: https://DEINE-DOMAIN.at/spiele/stiegenlauf/
Im E-Book „Aufwärmen in 5 Minuten“ (9,90 €): https://DEINE-DOMAIN.at/ebooks/aufwaermen/
Stunde in 10 Sekunden planen (kostenlose App): https://DEINE-DOMAIN.at/app/";Die ganze Anleitung zum Ausdrucken findest du hier: https://DEINE-DOMAIN.at/spiele/stiegenlauf/
f1irMydd_Mw;T Shirt Challenge;2986;https://DEINE-DOMAIN.at/spiele/t-shirt-challenge/;"Mehr als 480 Spiele mit Filter nach Schulstufe: https://DEINE-DOMAIN.at/spiele/
Stunde in 10 Sekunden planen (kostenlose App): https://DEINE-DOMAIN.at/app/
Gratis-PDF „5 Spiele, die immer funktionieren“: https://DEINE-DOMAIN.at/kostenlos/";Passende Spiele für deine Stunde findest du hier: https://DEINE-DOMAIN.at/spiele/t-shirt-challenge/
4ovQaE7bKGk;Mattenmeisterschaft;2961;https://DEINE-DOMAIN.at/spiele/mattenmeisterschaft/;"Mehr als 480 Spiele mit Filter nach Schulstufe: https://DEINE-DOMAIN.at/spiele/
Stunde in 10 Sekunden planen (kostenlose App): https://DEINE-DOMAIN.at/app/
Gratis-PDF „5 Spiele, die immer funktionieren“: https://DEINE-DOMAIN.at/kostenlos/";Passende Spiele für deine Stunde findest du hier: https://DEINE-DOMAIN.at/spiele/mattenmeisterschaft/
8MDuprVUjAo;Burgball;2947;https://DEINE-DOMAIN.at/spiele/burgball/;"Mehr als 480 Spiele mit Filter nach Schulstufe: https://DEINE-DOMAIN.at/spiele/
Stunde in 10 Sekunden planen (kostenlose App): https://DEINE-DOMAIN.at/app/
Gratis-PDF „5 Spiele, die immer funktionieren“: https://DEINE-DOMAIN.at/kostenlos/";Passende Spiele für deine Stunde findest du hier: https://DEINE-DOMAIN.at/spiele/burgball/
-94mWxAV2R8;Spiele im Wasser;2936;https://DEINE-DOMAIN.at/spiele/spiele-im-wasser/;"Mehr als 480 Spiele mit Filter nach Schulstufe: https://DEINE-DOMAIN.at/spiele/
Stunde in 10 Sekunden planen (kostenlose App): https://DEINE-DOMAIN.at/app/
Gratis-PDF „5 Spiele, die immer funktionieren“: https://DEINE-DOMAIN.at/kostenlos/";Passende Spiele für deine Stunde findest du hier: https://DEINE-DOMAIN.at/spiele/spiele-im-wasser/
NXsd8wxU7Mg;Das schnellste Kreis-Spiel für den Sportunterricht;2877;https://DEINE-DOMAIN.at/spiele/das-schnellste-kreis-spiel/;"Anleitung mit Ansagetext, Varianten und Sicherheitshinweis: https://DEINE-DOMAIN.at/spiele/das-schnellste-kreis-spiel/
Im E-Book „Aufwärmen in 5 Minuten“ (9,90 €): https://DEINE-DOMAIN.at/ebooks/aufwaermen/
Stunde in 10 Sekunden planen (kostenlose App): https://DEINE-DOMAIN.at/app/";Die ganze Anleitung zum Ausdrucken findest du hier: https://DEINE-DOMAIN.at/spiele/das-schnellste-kreis-spiel/
hUrS8bYDVks;25 Minigolfstationen;2874;https://DEINE-DOMAIN.at/spiele/25-minigolfstationen/;"Mehr als 480 Spiele mit Filter nach Schulstufe: https://DEINE-DOMAIN.at/spiele/
Stunde in 10 Sekunden planen (kostenlose App): https://DEINE-DOMAIN.at/app/
Gratis-PDF „5 Spiele, die immer funktionieren“: https://DEINE-DOMAIN.at/kostenlos/";Passende Spiele für deine Stunde findest du hier: https://DEINE-DOMAIN.at/spiele/25-minigolfstationen/
LfW3TLq56w8;Harvard Step Test;2868;https://DEINE-DOMAIN.at/spiele/step-test-mit-pulsmessen/;"Anleitung mit Ansagetext, Varianten und Sicherheitshinweis: https://DEINE-DOMAIN.at/spiele/step-test-mit-pulsmessen/
Im E-Book „Fit im Schulsport“ (12,90 €): https://DEINE-DOMAIN.at/ebooks/fitness/
Stunde in 10 Sekunden planen (kostenlose App): https://DEINE-DOMAIN.at/app/";Die ganze Anleitung zum Ausdrucken findest du hier: https://DEINE-DOMAIN.at/spiele/step-test-mit-pulsmessen/
tiNXG1kh82A;Schwimmen Floßbau;2865;https://DEINE-DOMAIN.at/spiele/schwimmen-flossbau/;"Mehr als 480 Spiele mit Filter nach Schulstufe: https://DEINE-DOMAIN.at/spiele/
Stunde in 10 Sekunden planen (kostenlose App): https://DEINE-DOMAIN.at/app/
Gratis-PDF „5 Spiele, die immer funktionieren“: https://DEINE-DOMAIN.at/kostenlos/";Passende Spiele für deine Stunde findest du hier: https://DEINE-DOMAIN.at/spiele/schwimmen-flossbau/
UZIrY2KQPWE;Hallentriathlon;2853;https://DEINE-DOMAIN.at/spiele/hallentriathlon/;"Anleitung mit Ansagetext, Varianten und Sicherheitshinweis: https://DEINE-DOMAIN.at/spiele/hallentriathlon/
Im E-Book „Fit im Schulsport“ (12,90 €): https://DEINE-DOMAIN.at/ebooks/fitness/
Stunde in 10 Sekunden planen (kostenlose App): https://DEINE-DOMAIN.at/app/";Die ganze Anleitung zum Ausdrucken findest du hier: https://DEINE-DOMAIN.at/spiele/hallentriathlon/
mn-cbnWODQw;Hyrox Youngstars at School;2829;https://DEINE-DOMAIN.at/spiele/hyrox-youngstars-at-school/;"Mehr als 480 Spiele mit Filter nach Schulstufe: https://DEINE-DOMAIN.at/spiele/
Stunde in 10 Sekunden planen (kostenlose App): https://DEINE-DOMAIN.at/app/
Gratis-PDF „5 Spiele, die immer funktionieren“: https://DEINE-DOMAIN.at/kostenlos/";Passende Spiele für deine Stunde findest du hier: https://DEINE-DOMAIN.at/spiele/hyrox-youngstars-at-school/
yZxjz1t691k;Spiele mit Flags;2793;https://DEINE-DOMAIN.at/spiele/spiele-mit-flags/;"Mehr als 480 Spiele mit Filter nach Schulstufe: https://DEINE-DOMAIN.at/spiele/
Stunde in 10 Sekunden planen (kostenlose App): https://DEINE-DOMAIN.at/app/
Gratis-PDF „5 Spiele, die immer funktionieren“: https://DEINE-DOMAIN.at/kostenlos/";Passende Spiele für deine Stunde findest du hier: https://DEINE-DOMAIN.at/spiele/spiele-mit-flags/
nk4JvTjyljc;Games with Mats;2788;https://DEINE-DOMAIN.at/spiele/games-with-mats/;"Mehr als 480 Spiele mit Filter nach Schulstufe: https://DEINE-DOMAIN.at/spiele/
Stunde in 10 Sekunden planen (kostenlose App): https://DEINE-DOMAIN.at/app/
Gratis-PDF „5 Spiele, die immer funktionieren“: https://DEINE-DOMAIN.at/kostenlos/";Passende Spiele für deine Stunde findest du hier: https://DEINE-DOMAIN.at/spiele/games-with-mats/
Nq4WMseKq4A;Klug&Fit: Kompletter Test;2731;https://DEINE-DOMAIN.at/spiele/klug-fit-kompletter-test/;"Mehr als 480 Spiele mit Filter nach Schulstufe: https://DEINE-DOMAIN.at/spiele/
Stunde in 10 Sekunden planen (kostenlose App): https://DEINE-DOMAIN.at/app/
Gratis-PDF „5 Spiele, die immer funktionieren“: https://DEINE-DOMAIN.at/kostenlos/";Passende Spiele für deine Stunde findest du hier: https://DEINE-DOMAIN.at/spiele/klug-fit-kompletter-test/
FJtWXW5Yppg;Airhockey;2731;https://DEINE-DOMAIN.at/spiele/airhockey/;"Mehr als 480 Spiele mit Filter nach Schulstufe: https://DEINE-DOMAIN.at/spiele/
Stunde in 10 Sekunden planen (kostenlose App): https://DEINE-DOMAIN.at/app/
Gratis-PDF „5 Spiele, die immer funktionieren“: https://DEINE-DOMAIN.at/kostenlos/";Passende Spiele für deine Stunde findest du hier: https://DEINE-DOMAIN.at/spiele/airhockey/
dE04Nhnk7hg;Kreisfänger;2720;https://DEINE-DOMAIN.at/spiele/kreisfaenger/;"Anleitung mit Ansagetext, Varianten und Sicherheitshinweis: https://DEINE-DOMAIN.at/spiele/kreisfaenger/
Im E-Book „Aufwärmen in 5 Minuten“ (9,90 €): https://DEINE-DOMAIN.at/ebooks/aufwaermen/
Stunde in 10 Sekunden planen (kostenlose App): https://DEINE-DOMAIN.at/app/";Die ganze Anleitung zum Ausdrucken findest du hier: https://DEINE-DOMAIN.at/spiele/kreisfaenger/
WaOYocR0fdw;Klettern und Hangeln 4;2673;https://DEINE-DOMAIN.at/spiele/klettern-und-hangeln-4/;"Mehr als 480 Spiele mit Filter nach Schulstufe: https://DEINE-DOMAIN.at/spiele/
Stunde in 10 Sekunden planen (kostenlose App): https://DEINE-DOMAIN.at/app/
Gratis-PDF „5 Spiele, die immer funktionieren“: https://DEINE-DOMAIN.at/kostenlos/";Passende Spiele für deine Stunde findest du hier: https://DEINE-DOMAIN.at/spiele/klettern-und-hangeln-4/
Gir1FVvyPls;QUIETSCHI;2628;https://DEINE-DOMAIN.at/spiele/quietschi/;"Mehr als 480 Spiele mit Filter nach Schulstufe: https://DEINE-DOMAIN.at/spiele/
Stunde in 10 Sekunden planen (kostenlose App): https://DEINE-DOMAIN.at/app/
Gratis-PDF „5 Spiele, die immer funktionieren“: https://DEINE-DOMAIN.at/kostenlos/";Passende Spiele für deine Stunde findest du hier: https://DEINE-DOMAIN.at/spiele/quietschi/
06wwXKLwc48;Unospiel;2628;https://DEINE-DOMAIN.at/spiele/unospiel/;"Anleitung mit Ansagetext, Varianten und Sicherheitshinweis: https://DEINE-DOMAIN.at/spiele/unospiel/
Im E-Book „Aufwärmen in 5 Minuten“ (9,90 €): https://DEINE-DOMAIN.at/ebooks/aufwaermen/
Stunde in 10 Sekunden planen (kostenlose App): https://DEINE-DOMAIN.at/app/";Die ganze Anleitung zum Ausdrucken findest du hier: https://DEINE-DOMAIN.at/spiele/unospiel/
tqi7xKAZNPM;Balancieren - Stationen für den Sportunterricht (Grundschule und Sekundarstufe);2603;https://DEINE-DOMAIN.at/spiele/balancieren-stationen-fuer-den-sportunterricht-grundschule-und-sekunda/;"Mehr als 480 Spiele mit Filter nach Schulstufe: https://DEINE-DOMAIN.at/spiele/
Stunde in 10 Sekunden planen (kostenlose App): https://DEINE-DOMAIN.at/app/
Gratis-PDF „5 Spiele, die immer funktionieren“: https://DEINE-DOMAIN.at/kostenlos/";Passende Spiele für deine Stunde findest du hier: https://DEINE-DOMAIN.at/spiele/balancieren-stationen-fuer-den-sportunterricht-grundschule-und-sekunda/
bXGmEqwHl2Y;Mauer einreißen;2581;https://DEINE-DOMAIN.at/spiele/mauer-einreissen/;"Anleitung mit Ansagetext, Varianten und Sicherheitshinweis: https://DEINE-DOMAIN.at/spiele/mauer-einreissen/
Im E-Book „Aufwärmen in 5 Minuten“ (9,90 €): https://DEINE-DOMAIN.at/ebooks/aufwaermen/
Stunde in 10 Sekunden planen (kostenlose App): https://DEINE-DOMAIN.at/app/";Die ganze Anleitung zum Ausdrucken findest du hier: https://DEINE-DOMAIN.at/spiele/mauer-einreissen/
tgF2a-HeqsI;Fitnessübungen mit Kasten;2564;https://DEINE-DOMAIN.at/spiele/kastenzirkel/;"Anleitung mit Ansagetext, Varianten und Sicherheitshinweis: https://DEINE-DOMAIN.at/spiele/kastenzirkel/
Im E-Book „Fit im Schulsport“ (12,90 €): https://DEINE-DOMAIN.at/ebooks/fitness/
Stunde in 10 Sekunden planen (kostenlose App): https://DEINE-DOMAIN.at/app/";Die ganze Anleitung zum Ausdrucken findest du hier: https://DEINE-DOMAIN.at/spiele/kastenzirkel/
SfWvpscXiVI;Stumme Stunde;2552;https://DEINE-DOMAIN.at/spiele/stumme-stunde/;"Mehr als 480 Spiele mit Filter nach Schulstufe: https://DEINE-DOMAIN.at/spiele/
Stunde in 10 Sekunden planen (kostenlose App): https://DEINE-DOMAIN.at/app/
Gratis-PDF „5 Spiele, die immer funktionieren“: https://DEINE-DOMAIN.at/kostenlos/";Passende Spiele für deine Stunde findest du hier: https://DEINE-DOMAIN.at/spiele/stumme-stunde/
siGq3jH_GZQ;Ninja Warrior kompletter Parcours;2545;https://DEINE-DOMAIN.at/spiele/ninja-warrior-kompletter-parcours/;"Mehr als 480 Spiele mit Filter nach Schulstufe: https://DEINE-DOMAIN.at/spiele/
Stunde in 10 Sekunden planen (kostenlose App): https://DEINE-DOMAIN.at/app/
Gratis-PDF „5 Spiele, die immer funktionieren“: https://DEINE-DOMAIN.at/kostenlos/";Passende Spiele für deine Stunde findest du hier: https://DEINE-DOMAIN.at/spiele/ninja-warrior-kompletter-parcours/
gaZgcmFevW0;Einkontaktball;2538;https://DEINE-DOMAIN.at/spiele/einkontaktball/;"Mehr als 480 Spiele mit Filter nach Schulstufe: https://DEINE-DOMAIN.at/spiele/
Stunde in 10 Sekunden planen (kostenlose App): https://DEINE-DOMAIN.at/app/
Gratis-PDF „5 Spiele, die immer funktionieren“: https://DEINE-DOMAIN.at/kostenlos/";Passende Spiele für deine Stunde findest du hier: https://DEINE-DOMAIN.at/spiele/einkontaktball/
fv8Cv9Kc-nk;Tennistornado;2533;https://DEINE-DOMAIN.at/spiele/tennistornado/;"Mehr als 480 Spiele mit Filter nach Schulstufe: https://DEINE-DOMAIN.at/spiele/
Stunde in 10 Sekunden planen (kostenlose App): https://DEINE-DOMAIN.at/app/
Gratis-PDF „5 Spiele, die immer funktionieren“: https://DEINE-DOMAIN.at/kostenlos/";Passende Spiele für deine Stunde findest du hier: https://DEINE-DOMAIN.at/spiele/tennistornado/
2T6T-IY1qQ0;Schaumstoffblöcke Teil 1;2508;https://DEINE-DOMAIN.at/spiele/schaumstoffbloecke-teil-1/;"Mehr als 480 Spiele mit Filter nach Schulstufe: https://DEINE-DOMAIN.at/spiele/
Stunde in 10 Sekunden planen (kostenlose App): https://DEINE-DOMAIN.at/app/
Gratis-PDF „5 Spiele, die immer funktionieren“: https://DEINE-DOMAIN.at/kostenlos/";Passende Spiele für deine Stunde findest du hier: https://DEINE-DOMAIN.at/spiele/schaumstoffbloecke-teil-1/
EWNIurFadhc;Ballvolleyball;2496;https://DEINE-DOMAIN.at/spiele/ballvolleyball/;"Mehr als 480 Spiele mit Filter nach Schulstufe: https://DEINE-DOMAIN.at/spiele/
Stunde in 10 Sekunden planen (kostenlose App): https://DEINE-DOMAIN.at/app/
Gratis-PDF „5 Spiele, die immer funktionieren“: https://DEINE-DOMAIN.at/kostenlos/";Passende Spiele für deine Stunde findest du hier: https://DEINE-DOMAIN.at/spiele/ballvolleyball/
P_nQo_5y8sk;Wasserakrobatik;2492;https://DEINE-DOMAIN.at/spiele/wasserakrobatik/;"Mehr als 480 Spiele mit Filter nach Schulstufe: https://DEINE-DOMAIN.at/spiele/
Stunde in 10 Sekunden planen (kostenlose App): https://DEINE-DOMAIN.at/app/
Gratis-PDF „5 Spiele, die immer funktionieren“: https://DEINE-DOMAIN.at/kostenlos/";Passende Spiele für deine Stunde findest du hier: https://DEINE-DOMAIN.at/spiele/wasserakrobatik/
fHZPTFNA1rQ;Klopapier Challenge;2466;https://DEINE-DOMAIN.at/spiele/klopapier-challenge/;"Mehr als 480 Spiele mit Filter nach Schulstufe: https://DEINE-DOMAIN.at/spiele/
Stunde in 10 Sekunden planen (kostenlose App): https://DEINE-DOMAIN.at/app/
Gratis-PDF „5 Spiele, die immer funktionieren“: https://DEINE-DOMAIN.at/kostenlos/";Passende Spiele für deine Stunde findest du hier: https://DEINE-DOMAIN.at/spiele/klopapier-challenge/
Otmx3FuB0cA;Schwimmen: Tragen im Wasser;2458;https://DEINE-DOMAIN.at/spiele/schwimmen-tragen-im-wasser/;"Mehr als 480 Spiele mit Filter nach Schulstufe: https://DEINE-DOMAIN.at/spiele/
Stunde in 10 Sekunden planen (kostenlose App): https://DEINE-DOMAIN.at/app/
Gratis-PDF „5 Spiele, die immer funktionieren“: https://DEINE-DOMAIN.at/kostenlos/";Passende Spiele für deine Stunde findest du hier: https://DEINE-DOMAIN.at/spiele/schwimmen-tragen-im-wasser/
R6yD-yC_ozQ;Mühle;2440;https://DEINE-DOMAIN.at/spiele/muehle/;"Mehr als 480 Spiele mit Filter nach Schulstufe: https://DEINE-DOMAIN.at/spiele/
Stunde in 10 Sekunden planen (kostenlose App): https://DEINE-DOMAIN.at/app/
Gratis-PDF „5 Spiele, die immer funktionieren“: https://DEINE-DOMAIN.at/kostenlos/";Passende Spiele für deine Stunde findest du hier: https://DEINE-DOMAIN.at/spiele/muehle/
gBzpIWGp-Co;Kutscherspiel;2385;https://DEINE-DOMAIN.at/spiele/kutscherspiel/;"Anleitung mit Ansagetext, Varianten und Sicherheitshinweis: https://DEINE-DOMAIN.at/spiele/kutscherspiel/
Im E-Book „Aufwärmen in 5 Minuten“ (9,90 €): https://DEINE-DOMAIN.at/ebooks/aufwaermen/
Stunde in 10 Sekunden planen (kostenlose App): https://DEINE-DOMAIN.at/app/";Die ganze Anleitung zum Ausdrucken findest du hier: https://DEINE-DOMAIN.at/spiele/kutscherspiel/
tBy29YxopAA;Teamgames;2384;https://DEINE-DOMAIN.at/spiele/teamgames/;"Mehr als 480 Spiele mit Filter nach Schulstufe: https://DEINE-DOMAIN.at/spiele/
Stunde in 10 Sekunden planen (kostenlose App): https://DEINE-DOMAIN.at/app/
Gratis-PDF „5 Spiele, die immer funktionieren“: https://DEINE-DOMAIN.at/kostenlos/";Passende Spiele für deine Stunde findest du hier: https://DEINE-DOMAIN.at/spiele/teamgames/
ZJVuYyWUUqg;Kontaktball 2;2382;https://DEINE-DOMAIN.at/spiele/kontaktball-2/;"Mehr als 480 Spiele mit Filter nach Schulstufe: https://DEINE-DOMAIN.at/spiele/
Stunde in 10 Sekunden planen (kostenlose App): https://DEINE-DOMAIN.at/app/
Gratis-PDF „5 Spiele, die immer funktionieren“: https://DEINE-DOMAIN.at/kostenlos/";Passende Spiele für deine Stunde findest du hier: https://DEINE-DOMAIN.at/spiele/kontaktball-2/
Ee9ydRXtX3I;Monstermaschine;2368;https://DEINE-DOMAIN.at/spiele/monstermaschine/;"Mehr als 480 Spiele mit Filter nach Schulstufe: https://DEINE-DOMAIN.at/spiele/
Stunde in 10 Sekunden planen (kostenlose App): https://DEINE-DOMAIN.at/app/
Gratis-PDF „5 Spiele, die immer funktionieren“: https://DEINE-DOMAIN.at/kostenlos/";Passende Spiele für deine Stunde findest du hier: https://DEINE-DOMAIN.at/spiele/monstermaschine/
raEufM3QheI;Tauchziegeltransport;2364;https://DEINE-DOMAIN.at/spiele/tauchziegeltransport/;"Mehr als 480 Spiele mit Filter nach Schulstufe: https://DEINE-DOMAIN.at/spiele/
Stunde in 10 Sekunden planen (kostenlose App): https://DEINE-DOMAIN.at/app/
Gratis-PDF „5 Spiele, die immer funktionieren“: https://DEINE-DOMAIN.at/kostenlos/";Passende Spiele für deine Stunde findest du hier: https://DEINE-DOMAIN.at/spiele/tauchziegeltransport/
n6WGZUqfEao;5 Spiele für junge Schüler;2324;https://DEINE-DOMAIN.at/spiele/5-spiele-fuer-junge-schueler/;"Mehr als 480 Spiele mit Filter nach Schulstufe: https://DEINE-DOMAIN.at/spiele/
Stunde in 10 Sekunden planen (kostenlose App): https://DEINE-DOMAIN.at/app/
Gratis-PDF „5 Spiele, die immer funktionieren“: https://DEINE-DOMAIN.at/kostenlos/";Passende Spiele für deine Stunde findest du hier: https://DEINE-DOMAIN.at/spiele/5-spiele-fuer-junge-schueler/
j5Y-u5EATnM;Gerätsicherheit: Ringe;2298;https://DEINE-DOMAIN.at/spiele/geraetsicherheit-ringe/;"Mehr als 480 Spiele mit Filter nach Schulstufe: https://DEINE-DOMAIN.at/spiele/
Stunde in 10 Sekunden planen (kostenlose App): https://DEINE-DOMAIN.at/app/
Gratis-PDF „5 Spiele, die immer funktionieren“: https://DEINE-DOMAIN.at/kostenlos/";Passende Spiele für deine Stunde findest du hier: https://DEINE-DOMAIN.at/spiele/geraetsicherheit-ringe/
3V2cgB4Ab_U;Gerätehandling Sprossenwand;2224;https://DEINE-DOMAIN.at/spiele/geratehandling-sprossenwand/;"Mehr als 480 Spiele mit Filter nach Schulstufe: https://DEINE-DOMAIN.at/spiele/
Stunde in 10 Sekunden planen (kostenlose App): https://DEINE-DOMAIN.at/app/
Gratis-PDF „5 Spiele, die immer funktionieren“: https://DEINE-DOMAIN.at/kostenlos/";Passende Spiele für deine Stunde findest du hier: https://DEINE-DOMAIN.at/spiele/geratehandling-sprossenwand/
_93jNBDJ6HE;Leichtathletik 4 Kampf;2215;https://DEINE-DOMAIN.at/spiele/leichtathletik-4-kampf/;"Mehr als 480 Spiele mit Filter nach Schulstufe: https://DEINE-DOMAIN.at/spiele/
Stunde in 10 Sekunden planen (kostenlose App): https://DEINE-DOMAIN.at/app/
Gratis-PDF „5 Spiele, die immer funktionieren“: https://DEINE-DOMAIN.at/kostenlos/";Passende Spiele für deine Stunde findest du hier: https://DEINE-DOMAIN.at/spiele/leichtathletik-4-kampf/
BKsnq9hO3O0;Klug&Fit Klimmzüge;2202;https://DEINE-DOMAIN.at/spiele/klug-fit-klimmzuege/;"Mehr als 480 Spiele mit Filter nach Schulstufe: https://DEINE-DOMAIN.at/spiele/
Stunde in 10 Sekunden planen (kostenlose App): https://DEINE-DOMAIN.at/app/
Gratis-PDF „5 Spiele, die immer funktionieren“: https://DEINE-DOMAIN.at/kostenlos/";Passende Spiele für deine Stunde findest du hier: https://DEINE-DOMAIN.at/spiele/klug-fit-klimmzuege/
c6_xtDdXhjQ;Basketballgolf;2188;https://DEINE-DOMAIN.at/spiele/basketballgolf/;"Mehr als 480 Spiele mit Filter nach Schulstufe: https://DEINE-DOMAIN.at/spiele/
Stunde in 10 Sekunden planen (kostenlose App): https://DEINE-DOMAIN.at/app/
Gratis-PDF „5 Spiele, die immer funktionieren“: https://DEINE-DOMAIN.at/kostenlos/";Passende Spiele für deine Stunde findest du hier: https://DEINE-DOMAIN.at/spiele/basketballgolf/
hHLKnX5GFGg;Frisbee;2170;https://DEINE-DOMAIN.at/spiele/frisbee/;"Mehr als 480 Spiele mit Filter nach Schulstufe: https://DEINE-DOMAIN.at/spiele/
Stunde in 10 Sekunden planen (kostenlose App): https://DEINE-DOMAIN.at/app/
Gratis-PDF „5 Spiele, die immer funktionieren“: https://DEINE-DOMAIN.at/kostenlos/";Passende Spiele für deine Stunde findest du hier: https://DEINE-DOMAIN.at/spiele/frisbee/
H2gJDW5kT_g;Schaumstoffblöcke Teil 2;2167;https://DEINE-DOMAIN.at/spiele/schaumstoffbloecke-teil-2/;"Mehr als 480 Spiele mit Filter nach Schulstufe: https://DEINE-DOMAIN.at/spiele/
Stunde in 10 Sekunden planen (kostenlose App): https://DEINE-DOMAIN.at/app/
Gratis-PDF „5 Spiele, die immer funktionieren“: https://DEINE-DOMAIN.at/kostenlos/";Passende Spiele für deine Stunde findest du hier: https://DEINE-DOMAIN.at/spiele/schaumstoffbloecke-teil-2/
MEr4ITSZSPA;TOP 3 Spiele zum Kräftemessen;2164;https://DEINE-DOMAIN.at/spiele/top-3-spiele-zum-kraeftemessen/;"Mehr als 480 Spiele mit Filter nach Schulstufe: https://DEINE-DOMAIN.at/spiele/
Stunde in 10 Sekunden planen (kostenlose App): https://DEINE-DOMAIN.at/app/
Gratis-PDF „5 Spiele, die immer funktionieren“: https://DEINE-DOMAIN.at/kostenlos/";Passende Spiele für deine Stunde findest du hier: https://DEINE-DOMAIN.at/spiele/top-3-spiele-zum-kraeftemessen/
Bi3ZeAgpnAk;Fitnessübungen an Turngeräten;2159;https://DEINE-DOMAIN.at/spiele/fitnessuebungen-an-turngeraeten/;"Mehr als 480 Spiele mit Filter nach Schulstufe: https://DEINE-DOMAIN.at/spiele/
Stunde in 10 Sekunden planen (kostenlose App): https://DEINE-DOMAIN.at/app/
Gratis-PDF „5 Spiele, die immer funktionieren“: https://DEINE-DOMAIN.at/kostenlos/";Passende Spiele für deine Stunde findest du hier: https://DEINE-DOMAIN.at/spiele/fitnessuebungen-an-turngeraeten/
hMwA_7ISLpA;Rückwärtssalto;2157;https://DEINE-DOMAIN.at/spiele/rueckwaertssalto/;"Mehr als 480 Spiele mit Filter nach Schulstufe: https://DEINE-DOMAIN.at/spiele/
Stunde in 10 Sekunden planen (kostenlose App): https://DEINE-DOMAIN.at/app/
Gratis-PDF „5 Spiele, die immer funktionieren“: https://DEINE-DOMAIN.at/kostenlos/";Passende Spiele für deine Stunde findest du hier: https://DEINE-DOMAIN.at/spiele/rueckwaertssalto/
o6wqot2ZRLw;Crosstraining im Turnsaal Teil 2;2153;https://DEINE-DOMAIN.at/spiele/crosstraining-im-turnsaal-teil-2/;"Mehr als 480 Spiele mit Filter nach Schulstufe: https://DEINE-DOMAIN.at/spiele/
Stunde in 10 Sekunden planen (kostenlose App): https://DEINE-DOMAIN.at/app/
Gratis-PDF „5 Spiele, die immer funktionieren“: https://DEINE-DOMAIN.at/kostenlos/";Passende Spiele für deine Stunde findest du hier: https://DEINE-DOMAIN.at/spiele/crosstraining-im-turnsaal-teil-2/
KJw0d327mgA;Laufbiathlons;2143;https://DEINE-DOMAIN.at/spiele/laufbiathlon/;"Anleitung mit Ansagetext, Varianten und Sicherheitshinweis: https://DEINE-DOMAIN.at/spiele/laufbiathlon/
Im E-Book „Aufwärmen in 5 Minuten“ (9,90 €): https://DEINE-DOMAIN.at/ebooks/aufwaermen/
Stunde in 10 Sekunden planen (kostenlose App): https://DEINE-DOMAIN.at/app/";Die ganze Anleitung zum Ausdrucken findest du hier: https://DEINE-DOMAIN.at/spiele/laufbiathlon/
zjfhNkGz7GI;Circuit Cross Teil 2;2115;https://DEINE-DOMAIN.at/spiele/circuit-cross-teil-2/;"Mehr als 480 Spiele mit Filter nach Schulstufe: https://DEINE-DOMAIN.at/spiele/
Stunde in 10 Sekunden planen (kostenlose App): https://DEINE-DOMAIN.at/app/
Gratis-PDF „5 Spiele, die immer funktionieren“: https://DEINE-DOMAIN.at/kostenlos/";Passende Spiele für deine Stunde findest du hier: https://DEINE-DOMAIN.at/spiele/circuit-cross-teil-2/
zeqHSwwRCLo;Spiderkids;2091;https://DEINE-DOMAIN.at/spiele/spiderkids/;"Mehr als 480 Spiele mit Filter nach Schulstufe: https://DEINE-DOMAIN.at/spiele/
Stunde in 10 Sekunden planen (kostenlose App): https://DEINE-DOMAIN.at/app/
Gratis-PDF „5 Spiele, die immer funktionieren“: https://DEINE-DOMAIN.at/kostenlos/";Passende Spiele für deine Stunde findest du hier: https://DEINE-DOMAIN.at/spiele/spiderkids/
VgQKKwqqKIc;Fuchs vs. Hase (2 Fangspiele);2078;https://DEINE-DOMAIN.at/spiele/fuchs-vs-hase-2-fangspiele/;"Mehr als 480 Spiele mit Filter nach Schulstufe: https://DEINE-DOMAIN.at/spiele/
Stunde in 10 Sekunden planen (kostenlose App): https://DEINE-DOMAIN.at/app/
Gratis-PDF „5 Spiele, die immer funktionieren“: https://DEINE-DOMAIN.at/kostenlos/";Passende Spiele für deine Stunde findest du hier: https://DEINE-DOMAIN.at/spiele/fuchs-vs-hase-2-fangspiele/
ONnTTJ6yTlA;Lustiges Aufwärmspiel – 4-Felder-Fangen mit Schleifen | Perfekt für den Sportunterricht!;2070;https://DEINE-DOMAIN.at/spiele/4-felder-fangen-mit-schleifen/;"Anleitung mit Ansagetext, Varianten und Sicherheitshinweis: https://DEINE-DOMAIN.at/spiele/4-felder-fangen-mit-schleifen/
Im E-Book „Aufwärmen in 5 Minuten“ (9,90 €): https://DEINE-DOMAIN.at/ebooks/aufwaermen/
Stunde in 10 Sekunden planen (kostenlose App): https://DEINE-DOMAIN.at/app/";Die ganze Anleitung zum Ausdrucken findest du hier: https://DEINE-DOMAIN.at/spiele/4-felder-fangen-mit-schleifen/
UxiGteaeKWc;Vor- und Zielübung Seilspringen Wheel;2055;https://DEINE-DOMAIN.at/spiele/vor-und-zieluebung-seilspringen-wheel/;"Mehr als 480 Spiele mit Filter nach Schulstufe: https://DEINE-DOMAIN.at/spiele/
Stunde in 10 Sekunden planen (kostenlose App): https://DEINE-DOMAIN.at/app/
Gratis-PDF „5 Spiele, die immer funktionieren“: https://DEINE-DOMAIN.at/kostenlos/";Passende Spiele für deine Stunde findest du hier: https://DEINE-DOMAIN.at/spiele/vor-und-zieluebung-seilspringen-wheel/
SNRAGECyAgM;Magic Cube;1988;https://DEINE-DOMAIN.at/spiele/magic-cube/;"Mehr als 480 Spiele mit Filter nach Schulstufe: https://DEINE-DOMAIN.at/spiele/
Stunde in 10 Sekunden planen (kostenlose App): https://DEINE-DOMAIN.at/app/
Gratis-PDF „5 Spiele, die immer funktionieren“: https://DEINE-DOMAIN.at/kostenlos/";Passende Spiele für deine Stunde findest du hier: https://DEINE-DOMAIN.at/spiele/magic-cube/
RCaIatqvX44;Pyramidenspiel;1984;https://DEINE-DOMAIN.at/spiele/pyramidenspiel/;"Mehr als 480 Spiele mit Filter nach Schulstufe: https://DEINE-DOMAIN.at/spiele/
Stunde in 10 Sekunden planen (kostenlose App): https://DEINE-DOMAIN.at/app/
Gratis-PDF „5 Spiele, die immer funktionieren“: https://DEINE-DOMAIN.at/kostenlos/";Passende Spiele für deine Stunde findest du hier: https://DEINE-DOMAIN.at/spiele/pyramidenspiel/
c_Dy6F627f4;Bouncer Ball;1971;https://DEINE-DOMAIN.at/spiele/bouncer-ball/;"Mehr als 480 Spiele mit Filter nach Schulstufe: https://DEINE-DOMAIN.at/spiele/
Stunde in 10 Sekunden planen (kostenlose App): https://DEINE-DOMAIN.at/app/
Gratis-PDF „5 Spiele, die immer funktionieren“: https://DEINE-DOMAIN.at/kostenlos/";Passende Spiele für deine Stunde findest du hier: https://DEINE-DOMAIN.at/spiele/bouncer-ball/
ncPrfH4ac_0;Circuittraining mit Medizinbällen;1967;https://DEINE-DOMAIN.at/spiele/circuittraining-mit-medizinbaellen/;"Anleitung mit Ansagetext, Varianten und Sicherheitshinweis: https://DEINE-DOMAIN.at/spiele/circuittraining-mit-medizinbaellen/
Im E-Book „Fit im Schulsport“ (12,90 €): https://DEINE-DOMAIN.at/ebooks/fitness/
Stunde in 10 Sekunden planen (kostenlose App): https://DEINE-DOMAIN.at/app/";Die ganze Anleitung zum Ausdrucken findest du hier: https://DEINE-DOMAIN.at/spiele/circuittraining-mit-medizinbaellen/
1i0AJZXlDWs;10 kreative Reifen-Übungen für den Sportunterricht;1966;https://DEINE-DOMAIN.at/spiele/10-kreative-reifen-uebungen-fuer-den-sportunterricht/;"Mehr als 480 Spiele mit Filter nach Schulstufe: https://DEINE-DOMAIN.at/spiele/
Stunde in 10 Sekunden planen (kostenlose App): https://DEINE-DOMAIN.at/app/
Gratis-PDF „5 Spiele, die immer funktionieren“: https://DEINE-DOMAIN.at/kostenlos/";Passende Spiele für deine Stunde findest du hier: https://DEINE-DOMAIN.at/spiele/10-kreative-reifen-uebungen-fuer-den-sportunterricht/
p-sOc5BegCE;Schallmauer;1962;https://DEINE-DOMAIN.at/spiele/schallmauer/;"Anleitung mit Ansagetext, Varianten und Sicherheitshinweis: https://DEINE-DOMAIN.at/spiele/schallmauer/
Im E-Book „Aufwärmen in 5 Minuten“ (9,90 €): https://DEINE-DOMAIN.at/ebooks/aufwaermen/
Stunde in 10 Sekunden planen (kostenlose App): https://DEINE-DOMAIN.at/app/";Die ganze Anleitung zum Ausdrucken findest du hier: https://DEINE-DOMAIN.at/spiele/schallmauer/
KKTAV8zoa8U;Baseball;1961;https://DEINE-DOMAIN.at/spiele/baseball/;"Mehr als 480 Spiele mit Filter nach Schulstufe: https://DEINE-DOMAIN.at/spiele/
Stunde in 10 Sekunden planen (kostenlose App): https://DEINE-DOMAIN.at/app/
Gratis-PDF „5 Spiele, die immer funktionieren“: https://DEINE-DOMAIN.at/kostenlos/";Passende Spiele für deine Stunde findest du hier: https://DEINE-DOMAIN.at/spiele/baseball/
pJbXHSVTM28;123 Fangen;1955;https://DEINE-DOMAIN.at/spiele/123-fangen/;"Mehr als 480 Spiele mit Filter nach Schulstufe: https://DEINE-DOMAIN.at/spiele/
Stunde in 10 Sekunden planen (kostenlose App): https://DEINE-DOMAIN.at/app/
Gratis-PDF „5 Spiele, die immer funktionieren“: https://DEINE-DOMAIN.at/kostenlos/";Passende Spiele für deine Stunde findest du hier: https://DEINE-DOMAIN.at/spiele/123-fangen/
3cjM0374ZrE;Agententraining Teil 2;1954;https://DEINE-DOMAIN.at/spiele/agententraining-teil-2-2/;"Mehr als 480 Spiele mit Filter nach Schulstufe: https://DEINE-DOMAIN.at/spiele/
Stunde in 10 Sekunden planen (kostenlose App): https://DEINE-DOMAIN.at/app/
Gratis-PDF „5 Spiele, die immer funktionieren“: https://DEINE-DOMAIN.at/kostenlos/";Passende Spiele für deine Stunde findest du hier: https://DEINE-DOMAIN.at/spiele/agententraining-teil-2-2/
ygPZfloW8dw;New videos are coming!;1940;https://DEINE-DOMAIN.at/spiele/new-videos-are-coming/;"Mehr als 480 Spiele mit Filter nach Schulstufe: https://DEINE-DOMAIN.at/spiele/
Stunde in 10 Sekunden planen (kostenlose App): https://DEINE-DOMAIN.at/app/
Gratis-PDF „5 Spiele, die immer funktionieren“: https://DEINE-DOMAIN.at/kostenlos/";Passende Spiele für deine Stunde findest du hier: https://DEINE-DOMAIN.at/spiele/new-videos-are-coming/
hBwB60mZEMQ;Indiana Jones;1919;https://DEINE-DOMAIN.at/spiele/indiana-jones-2/;"Mehr als 480 Spiele mit Filter nach Schulstufe: https://DEINE-DOMAIN.at/spiele/
Stunde in 10 Sekunden planen (kostenlose App): https://DEINE-DOMAIN.at/app/
Gratis-PDF „5 Spiele, die immer funktionieren“: https://DEINE-DOMAIN.at/kostenlos/";Passende Spiele für deine Stunde findest du hier: https://DEINE-DOMAIN.at/spiele/indiana-jones-2/
pqS7HH_fGAc;Kastenbahn;1917;https://DEINE-DOMAIN.at/spiele/kastenbahn/;"Mehr als 480 Spiele mit Filter nach Schulstufe: https://DEINE-DOMAIN.at/spiele/
Stunde in 10 Sekunden planen (kostenlose App): https://DEINE-DOMAIN.at/app/
Gratis-PDF „5 Spiele, die immer funktionieren“: https://DEINE-DOMAIN.at/kostenlos/";Passende Spiele für deine Stunde findest du hier: https://DEINE-DOMAIN.at/spiele/kastenbahn/
v-q0VQ3ZUTo;Badmintongolf;1912;https://DEINE-DOMAIN.at/spiele/badmintongolf/;"Mehr als 480 Spiele mit Filter nach Schulstufe: https://DEINE-DOMAIN.at/spiele/
Stunde in 10 Sekunden planen (kostenlose App): https://DEINE-DOMAIN.at/app/
Gratis-PDF „5 Spiele, die immer funktionieren“: https://DEINE-DOMAIN.at/kostenlos/";Passende Spiele für deine Stunde findest du hier: https://DEINE-DOMAIN.at/spiele/badmintongolf/
z4tgLFVc0c8;Handstandsalto;1897;https://DEINE-DOMAIN.at/spiele/handstandsalto/;"Mehr als 480 Spiele mit Filter nach Schulstufe: https://DEINE-DOMAIN.at/spiele/
Stunde in 10 Sekunden planen (kostenlose App): https://DEINE-DOMAIN.at/app/
Gratis-PDF „5 Spiele, die immer funktionieren“: https://DEINE-DOMAIN.at/kostenlos/";Passende Spiele für deine Stunde findest du hier: https://DEINE-DOMAIN.at/spiele/handstandsalto/
Vjzgd52JhbY;Würfelspiel;1895;https://DEINE-DOMAIN.at/spiele/wuerfelspiel/;"Anleitung mit Ansagetext, Varianten und Sicherheitshinweis: https://DEINE-DOMAIN.at/spiele/wuerfelspiel/
Im E-Book „Aufwärmen in 5 Minuten“ (9,90 €): https://DEINE-DOMAIN.at/ebooks/aufwaermen/
Stunde in 10 Sekunden planen (kostenlose App): https://DEINE-DOMAIN.at/app/";Die ganze Anleitung zum Ausdrucken findest du hier: https://DEINE-DOMAIN.at/spiele/wuerfelspiel/
aBbciPjkPWw;Pyramid Training;1878;https://DEINE-DOMAIN.at/spiele/pyramid-training/;"Mehr als 480 Spiele mit Filter nach Schulstufe: https://DEINE-DOMAIN.at/spiele/
Stunde in 10 Sekunden planen (kostenlose App): https://DEINE-DOMAIN.at/app/
Gratis-PDF „5 Spiele, die immer funktionieren“: https://DEINE-DOMAIN.at/kostenlos/";Passende Spiele für deine Stunde findest du hier: https://DEINE-DOMAIN.at/spiele/pyramid-training/
CjDlkns1-Yo;Wurfstationen;1820;https://DEINE-DOMAIN.at/spiele/wurfstationen/;"Anleitung mit Ansagetext, Varianten und Sicherheitshinweis: https://DEINE-DOMAIN.at/spiele/wurfstationen/
Im E-Book „Fit im Schulsport“ (12,90 €): https://DEINE-DOMAIN.at/ebooks/fitness/
Stunde in 10 Sekunden planen (kostenlose App): https://DEINE-DOMAIN.at/app/";Die ganze Anleitung zum Ausdrucken findest du hier: https://DEINE-DOMAIN.at/spiele/wurfstationen/
mmpiKyNNmQs;Fußballtennis Teil 2;1808;https://DEINE-DOMAIN.at/spiele/fussballtennis-teil-2/;"Mehr als 480 Spiele mit Filter nach Schulstufe: https://DEINE-DOMAIN.at/spiele/
Stunde in 10 Sekunden planen (kostenlose App): https://DEINE-DOMAIN.at/app/
Gratis-PDF „5 Spiele, die immer funktionieren“: https://DEINE-DOMAIN.at/kostenlos/";Passende Spiele für deine Stunde findest du hier: https://DEINE-DOMAIN.at/spiele/fussballtennis-teil-2/
Pwr8Mtk_rfA;Medizinballfangen;1785;https://DEINE-DOMAIN.at/spiele/medizinballfangen/;"Anleitung mit Ansagetext, Varianten und Sicherheitshinweis: https://DEINE-DOMAIN.at/spiele/medizinballfangen/
Im E-Book „Aufwärmen in 5 Minuten“ (9,90 €): https://DEINE-DOMAIN.at/ebooks/aufwaermen/
Stunde in 10 Sekunden planen (kostenlose App): https://DEINE-DOMAIN.at/app/";Die ganze Anleitung zum Ausdrucken findest du hier: https://DEINE-DOMAIN.at/spiele/medizinballfangen/
HZ9PtzBBYa0;Fang, fang NICHT;1762;https://DEINE-DOMAIN.at/spiele/fang-fang-nicht/;"Anleitung mit Ansagetext, Varianten und Sicherheitshinweis: https://DEINE-DOMAIN.at/spiele/fang-fang-nicht/
Im E-Book „Aufwärmen in 5 Minuten“ (9,90 €): https://DEINE-DOMAIN.at/ebooks/aufwaermen/
Stunde in 10 Sekunden planen (kostenlose App): https://DEINE-DOMAIN.at/app/";Die ganze Anleitung zum Ausdrucken findest du hier: https://DEINE-DOMAIN.at/spiele/fang-fang-nicht/
A03-3rb6gfY;Gerätebrennball;1744;https://DEINE-DOMAIN.at/spiele/geraetebrennball/;"Mehr als 480 Spiele mit Filter nach Schulstufe: https://DEINE-DOMAIN.at/spiele/
Stunde in 10 Sekunden planen (kostenlose App): https://DEINE-DOMAIN.at/app/
Gratis-PDF „5 Spiele, die immer funktionieren“: https://DEINE-DOMAIN.at/kostenlos/";Passende Spiele für deine Stunde findest du hier: https://DEINE-DOMAIN.at/spiele/geraetebrennball/
HQ75o-2gQr0;App für Sportlehrkräfte: LessonPrep;1709;https://DEINE-DOMAIN.at/spiele/app-fuer-sportlehrkraefte-lessonprep/;"Mehr als 480 Spiele mit Filter nach Schulstufe: https://DEINE-DOMAIN.at/spiele/
Stunde in 10 Sekunden planen (kostenlose App): https://DEINE-DOMAIN.at/app/
Gratis-PDF „5 Spiele, die immer funktionieren“: https://DEINE-DOMAIN.at/kostenlos/";Passende Spiele für deine Stunde findest du hier: https://DEINE-DOMAIN.at/spiele/app-fuer-sportlehrkraefte-lessonprep/
LenqZL6-UL4;Indoor Spiele;1709;https://DEINE-DOMAIN.at/spiele/indoor-spiele/;"Mehr als 480 Spiele mit Filter nach Schulstufe: https://DEINE-DOMAIN.at/spiele/
Stunde in 10 Sekunden planen (kostenlose App): https://DEINE-DOMAIN.at/app/
Gratis-PDF „5 Spiele, die immer funktionieren“: https://DEINE-DOMAIN.at/kostenlos/";Passende Spiele für deine Stunde findest du hier: https://DEINE-DOMAIN.at/spiele/indoor-spiele/
juiRpJT5DNw;Agent training;1703;https://DEINE-DOMAIN.at/spiele/agent-training/;"Mehr als 480 Spiele mit Filter nach Schulstufe: https://DEINE-DOMAIN.at/spiele/
Stunde in 10 Sekunden planen (kostenlose App): https://DEINE-DOMAIN.at/app/
Gratis-PDF „5 Spiele, die immer funktionieren“: https://DEINE-DOMAIN.at/kostenlos/";Passende Spiele für deine Stunde findest du hier: https://DEINE-DOMAIN.at/spiele/agent-training/
h1ndZHaE4kI;Takeshi's Castle;1672;https://DEINE-DOMAIN.at/spiele/takeshi-s-castle/;"Mehr als 480 Spiele mit Filter nach Schulstufe: https://DEINE-DOMAIN.at/spiele/
Stunde in 10 Sekunden planen (kostenlose App): https://DEINE-DOMAIN.at/app/
Gratis-PDF „5 Spiele, die immer funktionieren“: https://DEINE-DOMAIN.at/kostenlos/";Passende Spiele für deine Stunde findest du hier: https://DEINE-DOMAIN.at/spiele/takeshi-s-castle/
lW-7GCsRkaQ;Hyrox Youngstars;1651;https://DEINE-DOMAIN.at/spiele/hyrox-youngstars/;"Mehr als 480 Spiele mit Filter nach Schulstufe: https://DEINE-DOMAIN.at/spiele/
Stunde in 10 Sekunden planen (kostenlose App): https://DEINE-DOMAIN.at/app/
Gratis-PDF „5 Spiele, die immer funktionieren“: https://DEINE-DOMAIN.at/kostenlos/";Passende Spiele für deine Stunde findest du hier: https://DEINE-DOMAIN.at/spiele/hyrox-youngstars/
oI5mIj3nu8s;Spielerische Kräftigung;1649;https://DEINE-DOMAIN.at/spiele/spielerische-kraeftigung/;"Mehr als 480 Spiele mit Filter nach Schulstufe: https://DEINE-DOMAIN.at/spiele/
Stunde in 10 Sekunden planen (kostenlose App): https://DEINE-DOMAIN.at/app/
Gratis-PDF „5 Spiele, die immer funktionieren“: https://DEINE-DOMAIN.at/kostenlos/";Passende Spiele für deine Stunde findest du hier: https://DEINE-DOMAIN.at/spiele/spielerische-kraeftigung/
yvwx-fU4lNU;Foobaskill;1631;https://DEINE-DOMAIN.at/spiele/foobaskill/;"Mehr als 480 Spiele mit Filter nach Schulstufe: https://DEINE-DOMAIN.at/spiele/
Stunde in 10 Sekunden planen (kostenlose App): https://DEINE-DOMAIN.at/app/
Gratis-PDF „5 Spiele, die immer funktionieren“: https://DEINE-DOMAIN.at/kostenlos/";Passende Spiele für deine Stunde findest du hier: https://DEINE-DOMAIN.at/spiele/foobaskill/
9uMf5EL3P2w;Koordinationsleiter;1627;https://DEINE-DOMAIN.at/spiele/koordinationsleiter/;"Anleitung mit Ansagetext, Varianten und Sicherheitshinweis: https://DEINE-DOMAIN.at/spiele/koordinationsleiter/
Im E-Book „Fit im Schulsport“ (12,90 €): https://DEINE-DOMAIN.at/ebooks/fitness/
Stunde in 10 Sekunden planen (kostenlose App): https://DEINE-DOMAIN.at/app/";Die ganze Anleitung zum Ausdrucken findest du hier: https://DEINE-DOMAIN.at/spiele/koordinationsleiter/
E5y0W3NTX2s;Hütchenfußball Teil 2;1626;https://DEINE-DOMAIN.at/spiele/huetchenfussball-teil-2/;"Mehr als 480 Spiele mit Filter nach Schulstufe: https://DEINE-DOMAIN.at/spiele/
Stunde in 10 Sekunden planen (kostenlose App): https://DEINE-DOMAIN.at/app/
Gratis-PDF „5 Spiele, die immer funktionieren“: https://DEINE-DOMAIN.at/kostenlos/";Passende Spiele für deine Stunde findest du hier: https://DEINE-DOMAIN.at/spiele/huetchenfussball-teil-2/
R8wPENcLayM;Busfahrer;1621;https://DEINE-DOMAIN.at/spiele/busfahrer/;"Mehr als 480 Spiele mit Filter nach Schulstufe: https://DEINE-DOMAIN.at/spiele/
Stunde in 10 Sekunden planen (kostenlose App): https://DEINE-DOMAIN.at/app/
Gratis-PDF „5 Spiele, die immer funktionieren“: https://DEINE-DOMAIN.at/kostenlos/";Passende Spiele für deine Stunde findest du hier: https://DEINE-DOMAIN.at/spiele/busfahrer/
0pxw36pQbVI;Luftballons;1620;https://DEINE-DOMAIN.at/spiele/luftballons/;"Mehr als 480 Spiele mit Filter nach Schulstufe: https://DEINE-DOMAIN.at/spiele/
Stunde in 10 Sekunden planen (kostenlose App): https://DEINE-DOMAIN.at/app/
Gratis-PDF „5 Spiele, die immer funktionieren“: https://DEINE-DOMAIN.at/kostenlos/";Passende Spiele für deine Stunde findest du hier: https://DEINE-DOMAIN.at/spiele/luftballons/
ZBYDKkGY2sQ;Puzzle Staffel;1591;https://DEINE-DOMAIN.at/spiele/puzzle-staffel/;"Anleitung mit Ansagetext, Varianten und Sicherheitshinweis: https://DEINE-DOMAIN.at/spiele/puzzle-staffel/
Im E-Book „Aufwärmen in 5 Minuten“ (9,90 €): https://DEINE-DOMAIN.at/ebooks/aufwaermen/
Stunde in 10 Sekunden planen (kostenlose App): https://DEINE-DOMAIN.at/app/";Die ganze Anleitung zum Ausdrucken findest du hier: https://DEINE-DOMAIN.at/spiele/puzzle-staffel/
BOsrs5TE18w;Escape Game;1589;https://DEINE-DOMAIN.at/spiele/escape-game/;"Mehr als 480 Spiele mit Filter nach Schulstufe: https://DEINE-DOMAIN.at/spiele/
Stunde in 10 Sekunden planen (kostenlose App): https://DEINE-DOMAIN.at/app/
Gratis-PDF „5 Spiele, die immer funktionieren“: https://DEINE-DOMAIN.at/kostenlos/";Passende Spiele für deine Stunde findest du hier: https://DEINE-DOMAIN.at/spiele/escape-game/
PfOHrBfYlnU;Mehr Power im Schulsport! So funktionieren AMRAP, EMOM & Co;1578;https://DEINE-DOMAIN.at/spiele/mehr-power-im-schulsport-so-funktionieren-amrap-emom-co/;"Mehr als 480 Spiele mit Filter nach Schulstufe: https://DEINE-DOMAIN.at/spiele/
Stunde in 10 Sekunden planen (kostenlose App): https://DEINE-DOMAIN.at/app/
Gratis-PDF „5 Spiele, die immer funktionieren“: https://DEINE-DOMAIN.at/kostenlos/";Passende Spiele für deine Stunde findest du hier: https://DEINE-DOMAIN.at/spiele/mehr-power-im-schulsport-so-funktionieren-amrap-emom-co/
F7LXKJ_txss;Flaschenball;1554;https://DEINE-DOMAIN.at/spiele/flaschenball/;"Mehr als 480 Spiele mit Filter nach Schulstufe: https://DEINE-DOMAIN.at/spiele/
Stunde in 10 Sekunden planen (kostenlose App): https://DEINE-DOMAIN.at/app/
Gratis-PDF „5 Spiele, die immer funktionieren“: https://DEINE-DOMAIN.at/kostenlos/";Passende Spiele für deine Stunde findest du hier: https://DEINE-DOMAIN.at/spiele/flaschenball/
vs83uiyWNUk;TicTacToe;1547;https://DEINE-DOMAIN.at/spiele/tictactoe-2/;"Mehr als 480 Spiele mit Filter nach Schulstufe: https://DEINE-DOMAIN.at/spiele/
Stunde in 10 Sekunden planen (kostenlose App): https://DEINE-DOMAIN.at/app/
Gratis-PDF „5 Spiele, die immer funktionieren“: https://DEINE-DOMAIN.at/kostenlos/";Passende Spiele für deine Stunde findest du hier: https://DEINE-DOMAIN.at/spiele/tictactoe-2/
RdwyK4G2sF0;Aufrunden;1533;https://DEINE-DOMAIN.at/spiele/aufrunden/;"Mehr als 480 Spiele mit Filter nach Schulstufe: https://DEINE-DOMAIN.at/spiele/
Stunde in 10 Sekunden planen (kostenlose App): https://DEINE-DOMAIN.at/app/
Gratis-PDF „5 Spiele, die immer funktionieren“: https://DEINE-DOMAIN.at/kostenlos/";Passende Spiele für deine Stunde findest du hier: https://DEINE-DOMAIN.at/spiele/aufrunden/
ITWR4LU2BlE;Fußball 02 Ballführung;1520;https://DEINE-DOMAIN.at/spiele/fussball-02-ballfuehrung/;"Mehr als 480 Spiele mit Filter nach Schulstufe: https://DEINE-DOMAIN.at/spiele/
Stunde in 10 Sekunden planen (kostenlose App): https://DEINE-DOMAIN.at/app/
Gratis-PDF „5 Spiele, die immer funktionieren“: https://DEINE-DOMAIN.at/kostenlos/";Passende Spiele für deine Stunde findest du hier: https://DEINE-DOMAIN.at/spiele/fussball-02-ballfuehrung/
yyynLcx4h6Y;Schuh Challenge;1515;https://DEINE-DOMAIN.at/spiele/schuh-challenge/;"Mehr als 480 Spiele mit Filter nach Schulstufe: https://DEINE-DOMAIN.at/spiele/
Stunde in 10 Sekunden planen (kostenlose App): https://DEINE-DOMAIN.at/app/
Gratis-PDF „5 Spiele, die immer funktionieren“: https://DEINE-DOMAIN.at/kostenlos/";Passende Spiele für deine Stunde findest du hier: https://DEINE-DOMAIN.at/spiele/schuh-challenge/
rsBbBFCcttE;Grand Canyon;1514;https://DEINE-DOMAIN.at/spiele/grand-canyon/;"Mehr als 480 Spiele mit Filter nach Schulstufe: https://DEINE-DOMAIN.at/spiele/
Stunde in 10 Sekunden planen (kostenlose App): https://DEINE-DOMAIN.at/app/
Gratis-PDF „5 Spiele, die immer funktionieren“: https://DEINE-DOMAIN.at/kostenlos/";Passende Spiele für deine Stunde findest du hier: https://DEINE-DOMAIN.at/spiele/grand-canyon/
p9DOOAdURNo;Polarexpress;1476;https://DEINE-DOMAIN.at/spiele/polarexpress/;"Mehr als 480 Spiele mit Filter nach Schulstufe: https://DEINE-DOMAIN.at/spiele/
Stunde in 10 Sekunden planen (kostenlose App): https://DEINE-DOMAIN.at/app/
Gratis-PDF „5 Spiele, die immer funktionieren“: https://DEINE-DOMAIN.at/kostenlos/";Passende Spiele für deine Stunde findest du hier: https://DEINE-DOMAIN.at/spiele/polarexpress/
LJgQAdH0vMY;Hüttchen Clash;1455;https://DEINE-DOMAIN.at/spiele/huettchen-clash/;"Mehr als 480 Spiele mit Filter nach Schulstufe: https://DEINE-DOMAIN.at/spiele/
Stunde in 10 Sekunden planen (kostenlose App): https://DEINE-DOMAIN.at/app/
Gratis-PDF „5 Spiele, die immer funktionieren“: https://DEINE-DOMAIN.at/kostenlos/";Passende Spiele für deine Stunde findest du hier: https://DEINE-DOMAIN.at/spiele/huettchen-clash/
Kbi1T_gLh2M;Frisbee;1426;https://DEINE-DOMAIN.at/spiele/frisbee-2/;"Mehr als 480 Spiele mit Filter nach Schulstufe: https://DEINE-DOMAIN.at/spiele/
Stunde in 10 Sekunden planen (kostenlose App): https://DEINE-DOMAIN.at/app/
Gratis-PDF „5 Spiele, die immer funktionieren“: https://DEINE-DOMAIN.at/kostenlos/";Passende Spiele für deine Stunde findest du hier: https://DEINE-DOMAIN.at/spiele/frisbee-2/
KOvF-OsKutc;Bonus Video;1408;https://DEINE-DOMAIN.at/spiele/bonus-video/;"Mehr als 480 Spiele mit Filter nach Schulstufe: https://DEINE-DOMAIN.at/spiele/
Stunde in 10 Sekunden planen (kostenlose App): https://DEINE-DOMAIN.at/app/
Gratis-PDF „5 Spiele, die immer funktionieren“: https://DEINE-DOMAIN.at/kostenlos/";Passende Spiele für deine Stunde findest du hier: https://DEINE-DOMAIN.at/spiele/bonus-video/
Epqgo-EXLfU;Fußball EM+ Mathe;1401;https://DEINE-DOMAIN.at/spiele/fussball-em-mathe/;"Mehr als 480 Spiele mit Filter nach Schulstufe: https://DEINE-DOMAIN.at/spiele/
Stunde in 10 Sekunden planen (kostenlose App): https://DEINE-DOMAIN.at/app/
Gratis-PDF „5 Spiele, die immer funktionieren“: https://DEINE-DOMAIN.at/kostenlos/";Passende Spiele für deine Stunde findest du hier: https://DEINE-DOMAIN.at/spiele/fussball-em-mathe/
5uFRilBTz6k;Turm von Hanoi;1394;https://DEINE-DOMAIN.at/spiele/turm-von-hanoi/;"Mehr als 480 Spiele mit Filter nach Schulstufe: https://DEINE-DOMAIN.at/spiele/
Stunde in 10 Sekunden planen (kostenlose App): https://DEINE-DOMAIN.at/app/
Gratis-PDF „5 Spiele, die immer funktionieren“: https://DEINE-DOMAIN.at/kostenlos/";Passende Spiele für deine Stunde findest du hier: https://DEINE-DOMAIN.at/spiele/turm-von-hanoi/
oWXP9dm1SO4;2. Staffel Sportunterricht;1378;https://DEINE-DOMAIN.at/spiele/reaktionsstaffel/;"Anleitung mit Ansagetext, Varianten und Sicherheitshinweis: https://DEINE-DOMAIN.at/spiele/reaktionsstaffel/
Im E-Book „Aufwärmen in 5 Minuten“ (9,90 €): https://DEINE-DOMAIN.at/ebooks/aufwaermen/
Stunde in 10 Sekunden planen (kostenlose App): https://DEINE-DOMAIN.at/app/";Die ganze Anleitung zum Ausdrucken findest du hier: https://DEINE-DOMAIN.at/spiele/reaktionsstaffel/
GUtwjSo88MA;;1369;https://DEINE-DOMAIN.at/spiele/spiel/;"Mehr als 480 Spiele mit Filter nach Schulstufe: https://DEINE-DOMAIN.at/spiele/
Stunde in 10 Sekunden planen (kostenlose App): https://DEINE-DOMAIN.at/app/
Gratis-PDF „5 Spiele, die immer funktionieren“: https://DEINE-DOMAIN.at/kostenlos/";Passende Spiele für deine Stunde findest du hier: https://DEINE-DOMAIN.at/spiele/spiel/
jXBWCgz6Dds;Master Mind;1331;https://DEINE-DOMAIN.at/spiele/master-mind-2/;"Mehr als 480 Spiele mit Filter nach Schulstufe: https://DEINE-DOMAIN.at/spiele/
Stunde in 10 Sekunden planen (kostenlose App): https://DEINE-DOMAIN.at/app/
Gratis-PDF „5 Spiele, die immer funktionieren“: https://DEINE-DOMAIN.at/kostenlos/";Passende Spiele für deine Stunde findest du hier: https://DEINE-DOMAIN.at/spiele/master-mind-2/
XM4xjxg8g6c;Einfache Fußball-Übung für den Sportunterricht;1330;https://DEINE-DOMAIN.at/spiele/einfache-fussball-uebung-fuer-den-sportunterricht/;"Mehr als 480 Spiele mit Filter nach Schulstufe: https://DEINE-DOMAIN.at/spiele/
Stunde in 10 Sekunden planen (kostenlose App): https://DEINE-DOMAIN.at/app/
Gratis-PDF „5 Spiele, die immer funktionieren“: https://DEINE-DOMAIN.at/kostenlos/";Passende Spiele für deine Stunde findest du hier: https://DEINE-DOMAIN.at/spiele/einfache-fussball-uebung-fuer-den-sportunterricht/
VpRMvtpX77Q;HIIT Training Distance Learning;1323;https://DEINE-DOMAIN.at/spiele/hiit-training-distance-learning/;"Mehr als 480 Spiele mit Filter nach Schulstufe: https://DEINE-DOMAIN.at/spiele/
Stunde in 10 Sekunden planen (kostenlose App): https://DEINE-DOMAIN.at/app/
Gratis-PDF „5 Spiele, die immer funktionieren“: https://DEINE-DOMAIN.at/kostenlos/";Passende Spiele für deine Stunde findest du hier: https://DEINE-DOMAIN.at/spiele/hiit-training-distance-learning/
0E7jc-xAcTA;Lifeboat;1292;https://DEINE-DOMAIN.at/spiele/lifeboat/;"Mehr als 480 Spiele mit Filter nach Schulstufe: https://DEINE-DOMAIN.at/spiele/
Stunde in 10 Sekunden planen (kostenlose App): https://DEINE-DOMAIN.at/app/
Gratis-PDF „5 Spiele, die immer funktionieren“: https://DEINE-DOMAIN.at/kostenlos/";Passende Spiele für deine Stunde findest du hier: https://DEINE-DOMAIN.at/spiele/lifeboat/
QGJrROAuexo;La transportadora;1291;https://DEINE-DOMAIN.at/spiele/la-transportadora/;"Mehr als 480 Spiele mit Filter nach Schulstufe: https://DEINE-DOMAIN.at/spiele/
Stunde in 10 Sekunden planen (kostenlose App): https://DEINE-DOMAIN.at/app/
Gratis-PDF „5 Spiele, die immer funktionieren“: https://DEINE-DOMAIN.at/kostenlos/";Passende Spiele für deine Stunde findest du hier: https://DEINE-DOMAIN.at/spiele/la-transportadora/
KfAWnmrR89c;Target throwing with vaulting boxes;1287;https://DEINE-DOMAIN.at/spiele/target-throwing-with-vaulting-boxes/;"Mehr als 480 Spiele mit Filter nach Schulstufe: https://DEINE-DOMAIN.at/spiele/
Stunde in 10 Sekunden planen (kostenlose App): https://DEINE-DOMAIN.at/app/
Gratis-PDF „5 Spiele, die immer funktionieren“: https://DEINE-DOMAIN.at/kostenlos/";Passende Spiele für deine Stunde findest du hier: https://DEINE-DOMAIN.at/spiele/target-throwing-with-vaulting-boxes/
1Hk6PEq9jao;8 coole Spiele für den Sportunterricht;1282;https://DEINE-DOMAIN.at/spiele/8-coole-spiele-fuer-den-sportunterricht/;"Mehr als 480 Spiele mit Filter nach Schulstufe: https://DEINE-DOMAIN.at/spiele/
Stunde in 10 Sekunden planen (kostenlose App): https://DEINE-DOMAIN.at/app/
Gratis-PDF „5 Spiele, die immer funktionieren“: https://DEINE-DOMAIN.at/kostenlos/";Passende Spiele für deine Stunde findest du hier: https://DEINE-DOMAIN.at/spiele/8-coole-spiele-fuer-den-sportunterricht/
hBBEshsmMlg;Ball Battle;1279;https://DEINE-DOMAIN.at/spiele/ball-battle/;"Mehr als 480 Spiele mit Filter nach Schulstufe: https://DEINE-DOMAIN.at/spiele/
Stunde in 10 Sekunden planen (kostenlose App): https://DEINE-DOMAIN.at/app/
Gratis-PDF „5 Spiele, die immer funktionieren“: https://DEINE-DOMAIN.at/kostenlos/";Passende Spiele für deine Stunde findest du hier: https://DEINE-DOMAIN.at/spiele/ball-battle/
vIJUblEPIRo;Silent PE lession;1267;https://DEINE-DOMAIN.at/spiele/silent-pe-lession/;"Mehr als 480 Spiele mit Filter nach Schulstufe: https://DEINE-DOMAIN.at/spiele/
Stunde in 10 Sekunden planen (kostenlose App): https://DEINE-DOMAIN.at/app/
Gratis-PDF „5 Spiele, die immer funktionieren“: https://DEINE-DOMAIN.at/kostenlos/";Passende Spiele für deine Stunde findest du hier: https://DEINE-DOMAIN.at/spiele/silent-pe-lession/
iNpDI7Y2Da0;Gordian Knot;1264;https://DEINE-DOMAIN.at/spiele/gordian-knot/;"Mehr als 480 Spiele mit Filter nach Schulstufe: https://DEINE-DOMAIN.at/spiele/
Stunde in 10 Sekunden planen (kostenlose App): https://DEINE-DOMAIN.at/app/
Gratis-PDF „5 Spiele, die immer funktionieren“: https://DEINE-DOMAIN.at/kostenlos/";Passende Spiele für deine Stunde findest du hier: https://DEINE-DOMAIN.at/spiele/gordian-knot/
GGCb3lXgggc;Jonglieren mit Softbällen;1253;https://DEINE-DOMAIN.at/spiele/jonglieren-mit-softbaellen/;"Anleitung mit Ansagetext, Varianten und Sicherheitshinweis: https://DEINE-DOMAIN.at/spiele/jonglieren-mit-softbaellen/
Im E-Book „Fit im Schulsport“ (12,90 €): https://DEINE-DOMAIN.at/ebooks/fitness/
Stunde in 10 Sekunden planen (kostenlose App): https://DEINE-DOMAIN.at/app/";Die ganze Anleitung zum Ausdrucken findest du hier: https://DEINE-DOMAIN.at/spiele/jonglieren-mit-softbaellen/
Gf7sYt0E_to;Akrobatik und Teamwork;1248;https://DEINE-DOMAIN.at/spiele/akrobatik-und-teamwork-koerperspannung-und-vertrauen/;"Anleitung mit Ansagetext, Varianten und Sicherheitshinweis: https://DEINE-DOMAIN.at/spiele/akrobatik-und-teamwork-koerperspannung-und-vertrauen/
Im E-Book „Turnen sicher unterrichten“ (14,90 €): https://DEINE-DOMAIN.at/ebooks/turnen/
Stunde in 10 Sekunden planen (kostenlose App): https://DEINE-DOMAIN.at/app/";Die ganze Anleitung zum Ausdrucken findest du hier: https://DEINE-DOMAIN.at/spiele/akrobatik-und-teamwork-koerperspannung-und-vertrauen/
oxnbg1XQtOc;Satellit;1241;https://DEINE-DOMAIN.at/spiele/satellit/;"Mehr als 480 Spiele mit Filter nach Schulstufe: https://DEINE-DOMAIN.at/spiele/
Stunde in 10 Sekunden planen (kostenlose App): https://DEINE-DOMAIN.at/app/
Gratis-PDF „5 Spiele, die immer funktionieren“: https://DEINE-DOMAIN.at/kostenlos/";Passende Spiele für deine Stunde findest du hier: https://DEINE-DOMAIN.at/spiele/satellit/
ET5UKcdyLRE;Four Colours;1208;https://DEINE-DOMAIN.at/spiele/four-colours/;"Mehr als 480 Spiele mit Filter nach Schulstufe: https://DEINE-DOMAIN.at/spiele/
Stunde in 10 Sekunden planen (kostenlose App): https://DEINE-DOMAIN.at/app/
Gratis-PDF „5 Spiele, die immer funktionieren“: https://DEINE-DOMAIN.at/kostenlos/";Passende Spiele für deine Stunde findest du hier: https://DEINE-DOMAIN.at/spiele/four-colours/
N0D7z43joqk;Rope skipping;1199;https://DEINE-DOMAIN.at/spiele/rope-skipping/;"Mehr als 480 Spiele mit Filter nach Schulstufe: https://DEINE-DOMAIN.at/spiele/
Stunde in 10 Sekunden planen (kostenlose App): https://DEINE-DOMAIN.at/app/
Gratis-PDF „5 Spiele, die immer funktionieren“: https://DEINE-DOMAIN.at/kostenlos/";Passende Spiele für deine Stunde findest du hier: https://DEINE-DOMAIN.at/spiele/rope-skipping/
OWkElJYLl3Q;Stehauf Challenge;1174;https://DEINE-DOMAIN.at/spiele/stehauf-challenge/;"Mehr als 480 Spiele mit Filter nach Schulstufe: https://DEINE-DOMAIN.at/spiele/
Stunde in 10 Sekunden planen (kostenlose App): https://DEINE-DOMAIN.at/app/
Gratis-PDF „5 Spiele, die immer funktionieren“: https://DEINE-DOMAIN.at/kostenlos/";Passende Spiele für deine Stunde findest du hier: https://DEINE-DOMAIN.at/spiele/stehauf-challenge/
ooGfM_UfuUg;🏆 Bist du stark genug? Die ultimative Partner-Challenge!;1164;https://DEINE-DOMAIN.at/spiele/bist-du-stark-genug-die-ultimative-partner-challenge/;"Mehr als 480 Spiele mit Filter nach Schulstufe: https://DEINE-DOMAIN.at/spiele/
Stunde in 10 Sekunden planen (kostenlose App): https://DEINE-DOMAIN.at/app/
Gratis-PDF „5 Spiele, die immer funktionieren“: https://DEINE-DOMAIN.at/kostenlos/";Passende Spiele für deine Stunde findest du hier: https://DEINE-DOMAIN.at/spiele/bist-du-stark-genug-die-ultimative-partner-challenge/
sTI_xMLob30;Fitness Race;1145;https://DEINE-DOMAIN.at/spiele/fitness-race/;"Anleitung mit Ansagetext, Varianten und Sicherheitshinweis: https://DEINE-DOMAIN.at/spiele/fitness-race/
Im E-Book „Fit im Schulsport“ (12,90 €): https://DEINE-DOMAIN.at/ebooks/fitness/
Stunde in 10 Sekunden planen (kostenlose App): https://DEINE-DOMAIN.at/app/";Die ganze Anleitung zum Ausdrucken findest du hier: https://DEINE-DOMAIN.at/spiele/fitness-race/
dxNK38h8koY;Cricket;1140;https://DEINE-DOMAIN.at/spiele/cricket/;"Mehr als 480 Spiele mit Filter nach Schulstufe: https://DEINE-DOMAIN.at/spiele/
Stunde in 10 Sekunden planen (kostenlose App): https://DEINE-DOMAIN.at/app/
Gratis-PDF „5 Spiele, die immer funktionieren“: https://DEINE-DOMAIN.at/kostenlos/";Passende Spiele für deine Stunde findest du hier: https://DEINE-DOMAIN.at/spiele/cricket/
azy41QxWA8Q;Codebuilder;1123;https://DEINE-DOMAIN.at/spiele/codebuilder/;"Mehr als 480 Spiele mit Filter nach Schulstufe: https://DEINE-DOMAIN.at/spiele/
Stunde in 10 Sekunden planen (kostenlose App): https://DEINE-DOMAIN.at/app/
Gratis-PDF „5 Spiele, die immer funktionieren“: https://DEINE-DOMAIN.at/kostenlos/";Passende Spiele für deine Stunde findest du hier: https://DEINE-DOMAIN.at/spiele/codebuilder/
_61wzdRRJUQ;StrikeRun;1120;https://DEINE-DOMAIN.at/spiele/strikerun/;"Mehr als 480 Spiele mit Filter nach Schulstufe: https://DEINE-DOMAIN.at/spiele/
Stunde in 10 Sekunden planen (kostenlose App): https://DEINE-DOMAIN.at/app/
Gratis-PDF „5 Spiele, die immer funktionieren“: https://DEINE-DOMAIN.at/kostenlos/";Passende Spiele für deine Stunde findest du hier: https://DEINE-DOMAIN.at/spiele/strikerun/
r1P592GpHEU;;1105;https://DEINE-DOMAIN.at/spiele/spiel-2/;"Mehr als 480 Spiele mit Filter nach Schulstufe: https://DEINE-DOMAIN.at/spiele/
Stunde in 10 Sekunden planen (kostenlose App): https://DEINE-DOMAIN.at/app/
Gratis-PDF „5 Spiele, die immer funktionieren“: https://DEINE-DOMAIN.at/kostenlos/";Passende Spiele für deine Stunde findest du hier: https://DEINE-DOMAIN.at/spiele/spiel-2/
kcIcX28iY38;Klug&Fit 20mSprint;1093;https://DEINE-DOMAIN.at/spiele/20-meter-sprint/;"Anleitung mit Ansagetext, Varianten und Sicherheitshinweis: https://DEINE-DOMAIN.at/spiele/20-meter-sprint/
Im E-Book „Fit im Schulsport“ (12,90 €): https://DEINE-DOMAIN.at/ebooks/fitness/
Stunde in 10 Sekunden planen (kostenlose App): https://DEINE-DOMAIN.at/app/";Die ganze Anleitung zum Ausdrucken findest du hier: https://DEINE-DOMAIN.at/spiele/20-meter-sprint/
Kn9tMPn4QYc;Lego relay;1091;https://DEINE-DOMAIN.at/spiele/lego-relay/;"Mehr als 480 Spiele mit Filter nach Schulstufe: https://DEINE-DOMAIN.at/spiele/
Stunde in 10 Sekunden planen (kostenlose App): https://DEINE-DOMAIN.at/app/
Gratis-PDF „5 Spiele, die immer funktionieren“: https://DEINE-DOMAIN.at/kostenlos/";Passende Spiele für deine Stunde findest du hier: https://DEINE-DOMAIN.at/spiele/lego-relay/
UOY2SlwfeXY;Sudoku;1085;https://DEINE-DOMAIN.at/spiele/sudoku/;"Mehr als 480 Spiele mit Filter nach Schulstufe: https://DEINE-DOMAIN.at/spiele/
Stunde in 10 Sekunden planen (kostenlose App): https://DEINE-DOMAIN.at/app/
Gratis-PDF „5 Spiele, die immer funktionieren“: https://DEINE-DOMAIN.at/kostenlos/";Passende Spiele für deine Stunde findest du hier: https://DEINE-DOMAIN.at/spiele/sudoku/
OhPqVg8eag4;Balance on benches;1085;https://DEINE-DOMAIN.at/spiele/balance-on-benches/;"Mehr als 480 Spiele mit Filter nach Schulstufe: https://DEINE-DOMAIN.at/spiele/
Stunde in 10 Sekunden planen (kostenlose App): https://DEINE-DOMAIN.at/app/
Gratis-PDF „5 Spiele, die immer funktionieren“: https://DEINE-DOMAIN.at/kostenlos/";Passende Spiele für deine Stunde findest du hier: https://DEINE-DOMAIN.at/spiele/balance-on-benches/
OYkuP5YwmYQ;Sprünge ins Wasser;1084;https://DEINE-DOMAIN.at/spiele/spruenge-ins-wasser/;"Mehr als 480 Spiele mit Filter nach Schulstufe: https://DEINE-DOMAIN.at/spiele/
Stunde in 10 Sekunden planen (kostenlose App): https://DEINE-DOMAIN.at/app/
Gratis-PDF „5 Spiele, die immer funktionieren“: https://DEINE-DOMAIN.at/kostenlos/";Passende Spiele für deine Stunde findest du hier: https://DEINE-DOMAIN.at/spiele/spruenge-ins-wasser/
NQ2nkFvPdvk;;1073;https://DEINE-DOMAIN.at/spiele/spiel-3/;"Mehr als 480 Spiele mit Filter nach Schulstufe: https://DEINE-DOMAIN.at/spiele/
Stunde in 10 Sekunden planen (kostenlose App): https://DEINE-DOMAIN.at/app/
Gratis-PDF „5 Spiele, die immer funktionieren“: https://DEINE-DOMAIN.at/kostenlos/";Passende Spiele für deine Stunde findest du hier: https://DEINE-DOMAIN.at/spiele/spiel-3/
XIW3MMyXThk;Mount Olympus;1065;https://DEINE-DOMAIN.at/spiele/mount-olympus/;"Mehr als 480 Spiele mit Filter nach Schulstufe: https://DEINE-DOMAIN.at/spiele/
Stunde in 10 Sekunden planen (kostenlose App): https://DEINE-DOMAIN.at/app/
Gratis-PDF „5 Spiele, die immer funktionieren“: https://DEINE-DOMAIN.at/kostenlos/";Passende Spiele für deine Stunde findest du hier: https://DEINE-DOMAIN.at/spiele/mount-olympus/
pMSHFoHSeUg;3D Turnhallen App;1064;https://DEINE-DOMAIN.at/spiele/3d-turnhallen-app/;"Mehr als 480 Spiele mit Filter nach Schulstufe: https://DEINE-DOMAIN.at/spiele/
Stunde in 10 Sekunden planen (kostenlose App): https://DEINE-DOMAIN.at/app/
Gratis-PDF „5 Spiele, die immer funktionieren“: https://DEINE-DOMAIN.at/kostenlos/";Passende Spiele für deine Stunde findest du hier: https://DEINE-DOMAIN.at/spiele/3d-turnhallen-app/
FvclIpoIRaw;Reifenlotto;1059;https://DEINE-DOMAIN.at/spiele/reifenlotto/;"Anleitung mit Ansagetext, Varianten und Sicherheitshinweis: https://DEINE-DOMAIN.at/spiele/reifenlotto/
Im E-Book „Fit im Schulsport“ (12,90 €): https://DEINE-DOMAIN.at/ebooks/fitness/
Stunde in 10 Sekunden planen (kostenlose App): https://DEINE-DOMAIN.at/app/";Die ganze Anleitung zum Ausdrucken findest du hier: https://DEINE-DOMAIN.at/spiele/reifenlotto/
8JCRkjQ6V6k;;1056;https://DEINE-DOMAIN.at/spiele/spiel-4/;"Mehr als 480 Spiele mit Filter nach Schulstufe: https://DEINE-DOMAIN.at/spiele/
Stunde in 10 Sekunden planen (kostenlose App): https://DEINE-DOMAIN.at/app/
Gratis-PDF „5 Spiele, die immer funktionieren“: https://DEINE-DOMAIN.at/kostenlos/";Passende Spiele für deine Stunde findest du hier: https://DEINE-DOMAIN.at/spiele/spiel-4/
kfxn--ybs4U;Jump & ReachTest;1027;https://DEINE-DOMAIN.at/spiele/jump-reachtest/;"Mehr als 480 Spiele mit Filter nach Schulstufe: https://DEINE-DOMAIN.at/spiele/
Stunde in 10 Sekunden planen (kostenlose App): https://DEINE-DOMAIN.at/app/
Gratis-PDF „5 Spiele, die immer funktionieren“: https://DEINE-DOMAIN.at/kostenlos/";Passende Spiele für deine Stunde findest du hier: https://DEINE-DOMAIN.at/spiele/jump-reachtest/
_-MxEbZg1tU;Neue Bodenturnreihe;979;https://DEINE-DOMAIN.at/spiele/neue-bodenturnreihe/;"Mehr als 480 Spiele mit Filter nach Schulstufe: https://DEINE-DOMAIN.at/spiele/
Stunde in 10 Sekunden planen (kostenlose App): https://DEINE-DOMAIN.at/app/
Gratis-PDF „5 Spiele, die immer funktionieren“: https://DEINE-DOMAIN.at/kostenlos/";Passende Spiele für deine Stunde findest du hier: https://DEINE-DOMAIN.at/spiele/neue-bodenturnreihe/
wwZixi3K9dY;;956;https://DEINE-DOMAIN.at/spiele/spiel-5/;"Mehr als 480 Spiele mit Filter nach Schulstufe: https://DEINE-DOMAIN.at/spiele/
Stunde in 10 Sekunden planen (kostenlose App): https://DEINE-DOMAIN.at/app/
Gratis-PDF „5 Spiele, die immer funktionieren“: https://DEINE-DOMAIN.at/kostenlos/";Passende Spiele für deine Stunde findest du hier: https://DEINE-DOMAIN.at/spiele/spiel-5/
Hh6IUf-z1CI;Domino Run;953;https://DEINE-DOMAIN.at/spiele/domino-run/;"Mehr als 480 Spiele mit Filter nach Schulstufe: https://DEINE-DOMAIN.at/spiele/
Stunde in 10 Sekunden planen (kostenlose App): https://DEINE-DOMAIN.at/app/
Gratis-PDF „5 Spiele, die immer funktionieren“: https://DEINE-DOMAIN.at/kostenlos/";Passende Spiele für deine Stunde findest du hier: https://DEINE-DOMAIN.at/spiele/domino-run/
OKMaPYFeJlc;;922;https://DEINE-DOMAIN.at/spiele/spiel-6/;"Mehr als 480 Spiele mit Filter nach Schulstufe: https://DEINE-DOMAIN.at/spiele/
Stunde in 10 Sekunden planen (kostenlose App): https://DEINE-DOMAIN.at/app/
Gratis-PDF „5 Spiele, die immer funktionieren“: https://DEINE-DOMAIN.at/kostenlos/";Passende Spiele für deine Stunde findest du hier: https://DEINE-DOMAIN.at/spiele/spiel-6/
0SG2t0OOv8Q;Gerätehandling Gitterleiter;919;https://DEINE-DOMAIN.at/spiele/geraetehandling-gitterleiter/;"Mehr als 480 Spiele mit Filter nach Schulstufe: https://DEINE-DOMAIN.at/spiele/
Stunde in 10 Sekunden planen (kostenlose App): https://DEINE-DOMAIN.at/app/
Gratis-PDF „5 Spiele, die immer funktionieren“: https://DEINE-DOMAIN.at/kostenlos/";Passende Spiele für deine Stunde findest du hier: https://DEINE-DOMAIN.at/spiele/geraetehandling-gitterleiter/
5UBx6wohEv4;Slam Ball;898;https://DEINE-DOMAIN.at/spiele/slam-ball/;"Mehr als 480 Spiele mit Filter nach Schulstufe: https://DEINE-DOMAIN.at/spiele/
Stunde in 10 Sekunden planen (kostenlose App): https://DEINE-DOMAIN.at/app/
Gratis-PDF „5 Spiele, die immer funktionieren“: https://DEINE-DOMAIN.at/kostenlos/";Passende Spiele für deine Stunde findest du hier: https://DEINE-DOMAIN.at/spiele/slam-ball/
wKW0Vhs27JE;Kooperation mit Athletics and more;891;https://DEINE-DOMAIN.at/spiele/kooperation-mit-athletics-and-more/;"Mehr als 480 Spiele mit Filter nach Schulstufe: https://DEINE-DOMAIN.at/spiele/
Stunde in 10 Sekunden planen (kostenlose App): https://DEINE-DOMAIN.at/app/
Gratis-PDF „5 Spiele, die immer funktionieren“: https://DEINE-DOMAIN.at/kostenlos/";Passende Spiele für deine Stunde findest du hier: https://DEINE-DOMAIN.at/spiele/kooperation-mit-athletics-and-more/
5Dcj83oPAVk;Cone Raid;888;https://DEINE-DOMAIN.at/spiele/cone-raid/;"Mehr als 480 Spiele mit Filter nach Schulstufe: https://DEINE-DOMAIN.at/spiele/
Stunde in 10 Sekunden planen (kostenlose App): https://DEINE-DOMAIN.at/app/
Gratis-PDF „5 Spiele, die immer funktionieren“: https://DEINE-DOMAIN.at/kostenlos/";Passende Spiele für deine Stunde findest du hier: https://DEINE-DOMAIN.at/spiele/cone-raid/
axcpghMmc04;Eisalarm;883;https://DEINE-DOMAIN.at/spiele/eisalarm/;"Mehr als 480 Spiele mit Filter nach Schulstufe: https://DEINE-DOMAIN.at/spiele/
Stunde in 10 Sekunden planen (kostenlose App): https://DEINE-DOMAIN.at/app/
Gratis-PDF „5 Spiele, die immer funktionieren“: https://DEINE-DOMAIN.at/kostenlos/";Passende Spiele für deine Stunde findest du hier: https://DEINE-DOMAIN.at/spiele/eisalarm/
VD6lSe-IFOU;Batter the Wall down;877;https://DEINE-DOMAIN.at/spiele/batter-the-wall-down/;"Mehr als 480 Spiele mit Filter nach Schulstufe: https://DEINE-DOMAIN.at/spiele/
Stunde in 10 Sekunden planen (kostenlose App): https://DEINE-DOMAIN.at/app/
Gratis-PDF „5 Spiele, die immer funktionieren“: https://DEINE-DOMAIN.at/kostenlos/";Passende Spiele für deine Stunde findest du hier: https://DEINE-DOMAIN.at/spiele/batter-the-wall-down/
HCnAoDoWEp8;24 rounds of LeMans;876;https://DEINE-DOMAIN.at/spiele/24-rounds-of-lemans/;"Mehr als 480 Spiele mit Filter nach Schulstufe: https://DEINE-DOMAIN.at/spiele/
Stunde in 10 Sekunden planen (kostenlose App): https://DEINE-DOMAIN.at/app/
Gratis-PDF „5 Spiele, die immer funktionieren“: https://DEINE-DOMAIN.at/kostenlos/";Passende Spiele für deine Stunde findest du hier: https://DEINE-DOMAIN.at/spiele/24-rounds-of-lemans/
hxj9SAagtxM;Satellite;873;https://DEINE-DOMAIN.at/spiele/satellite/;"Mehr als 480 Spiele mit Filter nach Schulstufe: https://DEINE-DOMAIN.at/spiele/
Stunde in 10 Sekunden planen (kostenlose App): https://DEINE-DOMAIN.at/app/
Gratis-PDF „5 Spiele, die immer funktionieren“: https://DEINE-DOMAIN.at/kostenlos/";Passende Spiele für deine Stunde findest du hier: https://DEINE-DOMAIN.at/spiele/satellite/
Jls4lGZCb7A;Fußball - Stationen für den Sportunterricht (Grundschule und Sekundarstufe);867;https://DEINE-DOMAIN.at/spiele/fussball-stationen-fuer-den-sportunterricht-grundschule-und-sekundarst/;"Mehr als 480 Spiele mit Filter nach Schulstufe: https://DEINE-DOMAIN.at/spiele/
Stunde in 10 Sekunden planen (kostenlose App): https://DEINE-DOMAIN.at/app/
Gratis-PDF „5 Spiele, die immer funktionieren“: https://DEINE-DOMAIN.at/kostenlos/";Passende Spiele für deine Stunde findest du hier: https://DEINE-DOMAIN.at/spiele/fussball-stationen-fuer-den-sportunterricht-grundschule-und-sekundarst/
pxtdI7_Pldc;Feuer, Wasser, Blitz 2.0;866;https://DEINE-DOMAIN.at/spiele/feuer-wasser-blitz-2-0/;"Anleitung mit Ansagetext, Varianten und Sicherheitshinweis: https://DEINE-DOMAIN.at/spiele/feuer-wasser-blitz-2-0/
Im E-Book „Aufwärmen in 5 Minuten“ (9,90 €): https://DEINE-DOMAIN.at/ebooks/aufwaermen/
Stunde in 10 Sekunden planen (kostenlose App): https://DEINE-DOMAIN.at/app/";Die ganze Anleitung zum Ausdrucken findest du hier: https://DEINE-DOMAIN.at/spiele/feuer-wasser-blitz-2-0/
5WfEVmzmI2I;Catch the Chicken;864;https://DEINE-DOMAIN.at/spiele/catch-the-chicken-2/;"Mehr als 480 Spiele mit Filter nach Schulstufe: https://DEINE-DOMAIN.at/spiele/
Stunde in 10 Sekunden planen (kostenlose App): https://DEINE-DOMAIN.at/app/
Gratis-PDF „5 Spiele, die immer funktionieren“: https://DEINE-DOMAIN.at/kostenlos/";Passende Spiele für deine Stunde findest du hier: https://DEINE-DOMAIN.at/spiele/catch-the-chicken-2/
rb-62KPedQU;4 years sport in 4 minutes;856;https://DEINE-DOMAIN.at/spiele/4-years-sport-in-4-minutes/;"Mehr als 480 Spiele mit Filter nach Schulstufe: https://DEINE-DOMAIN.at/spiele/
Stunde in 10 Sekunden planen (kostenlose App): https://DEINE-DOMAIN.at/app/
Gratis-PDF „5 Spiele, die immer funktionieren“: https://DEINE-DOMAIN.at/kostenlos/";Passende Spiele für deine Stunde findest du hier: https://DEINE-DOMAIN.at/spiele/4-years-sport-in-4-minutes/
vjRXsnbT7WE;Circle Jump;845;https://DEINE-DOMAIN.at/spiele/circle-jump/;"Mehr als 480 Spiele mit Filter nach Schulstufe: https://DEINE-DOMAIN.at/spiele/
Stunde in 10 Sekunden planen (kostenlose App): https://DEINE-DOMAIN.at/app/
Gratis-PDF „5 Spiele, die immer funktionieren“: https://DEINE-DOMAIN.at/kostenlos/";Passende Spiele für deine Stunde findest du hier: https://DEINE-DOMAIN.at/spiele/circle-jump/
SjiSCvJBXJw;Magneto;836;https://DEINE-DOMAIN.at/spiele/magneto-2/;"Mehr als 480 Spiele mit Filter nach Schulstufe: https://DEINE-DOMAIN.at/spiele/
Stunde in 10 Sekunden planen (kostenlose App): https://DEINE-DOMAIN.at/app/
Gratis-PDF „5 Spiele, die immer funktionieren“: https://DEINE-DOMAIN.at/kostenlos/";Passende Spiele für deine Stunde findest du hier: https://DEINE-DOMAIN.at/spiele/magneto-2/
RY9600OGamw;La catapulta;831;https://DEINE-DOMAIN.at/spiele/la-catapulta/;"Mehr als 480 Spiele mit Filter nach Schulstufe: https://DEINE-DOMAIN.at/spiele/
Stunde in 10 Sekunden planen (kostenlose App): https://DEINE-DOMAIN.at/app/
Gratis-PDF „5 Spiele, die immer funktionieren“: https://DEINE-DOMAIN.at/kostenlos/";Passende Spiele für deine Stunde findest du hier: https://DEINE-DOMAIN.at/spiele/la-catapulta/
yLrof-OsMpA;Cobweb;827;https://DEINE-DOMAIN.at/spiele/cobweb/;"Mehr als 480 Spiele mit Filter nach Schulstufe: https://DEINE-DOMAIN.at/spiele/
Stunde in 10 Sekunden planen (kostenlose App): https://DEINE-DOMAIN.at/app/
Gratis-PDF „5 Spiele, die immer funktionieren“: https://DEINE-DOMAIN.at/kostenlos/";Passende Spiele für deine Stunde findest du hier: https://DEINE-DOMAIN.at/spiele/cobweb/
w-MLijKlG40;Kickbox;822;https://DEINE-DOMAIN.at/spiele/kickbox/;"Mehr als 480 Spiele mit Filter nach Schulstufe: https://DEINE-DOMAIN.at/spiele/
Stunde in 10 Sekunden planen (kostenlose App): https://DEINE-DOMAIN.at/app/
Gratis-PDF „5 Spiele, die immer funktionieren“: https://DEINE-DOMAIN.at/kostenlos/";Passende Spiele für deine Stunde findest du hier: https://DEINE-DOMAIN.at/spiele/kickbox/
7weiZIBaspw;Games with flags;815;https://DEINE-DOMAIN.at/spiele/games-with-flags/;"Mehr als 480 Spiele mit Filter nach Schulstufe: https://DEINE-DOMAIN.at/spiele/
Stunde in 10 Sekunden planen (kostenlose App): https://DEINE-DOMAIN.at/app/
Gratis-PDF „5 Spiele, die immer funktionieren“: https://DEINE-DOMAIN.at/kostenlos/";Passende Spiele für deine Stunde findest du hier: https://DEINE-DOMAIN.at/spiele/games-with-flags/
u3hXmNA6z9Q;Basketballstationen;790;https://DEINE-DOMAIN.at/spiele/basketballstationen/;"Mehr als 480 Spiele mit Filter nach Schulstufe: https://DEINE-DOMAIN.at/spiele/
Stunde in 10 Sekunden planen (kostenlose App): https://DEINE-DOMAIN.at/app/
Gratis-PDF „5 Spiele, die immer funktionieren“: https://DEINE-DOMAIN.at/kostenlos/";Passende Spiele für deine Stunde findest du hier: https://DEINE-DOMAIN.at/spiele/basketballstationen/
jq2rJB50TzY;Frohe Weihnachten (Wir werden international!);790;https://DEINE-DOMAIN.at/spiele/frohe-weihnachten-wir-werden-international/;"Mehr als 480 Spiele mit Filter nach Schulstufe: https://DEINE-DOMAIN.at/spiele/
Stunde in 10 Sekunden planen (kostenlose App): https://DEINE-DOMAIN.at/app/
Gratis-PDF „5 Spiele, die immer funktionieren“: https://DEINE-DOMAIN.at/kostenlos/";Passende Spiele für deine Stunde findest du hier: https://DEINE-DOMAIN.at/spiele/frohe-weihnachten-wir-werden-international/
t4sPzJDAwqA;Capoeira in der Schule;759;https://DEINE-DOMAIN.at/spiele/capoeira-in-der-schule/;"Mehr als 480 Spiele mit Filter nach Schulstufe: https://DEINE-DOMAIN.at/spiele/
Stunde in 10 Sekunden planen (kostenlose App): https://DEINE-DOMAIN.at/app/
Gratis-PDF „5 Spiele, die immer funktionieren“: https://DEINE-DOMAIN.at/kostenlos/";Passende Spiele für deine Stunde findest du hier: https://DEINE-DOMAIN.at/spiele/capoeira-in-der-schule/
W1mVSqfUTwE;Klug und Fit Test_Auswertung;735;https://DEINE-DOMAIN.at/spiele/klug-und-fit-test-auswertung/;"Mehr als 480 Spiele mit Filter nach Schulstufe: https://DEINE-DOMAIN.at/spiele/
Stunde in 10 Sekunden planen (kostenlose App): https://DEINE-DOMAIN.at/app/
Gratis-PDF „5 Spiele, die immer funktionieren“: https://DEINE-DOMAIN.at/kostenlos/";Passende Spiele für deine Stunde findest du hier: https://DEINE-DOMAIN.at/spiele/klug-und-fit-test-auswertung/
0YF1XZXngNg;Danke für dieses Jahr!;703;https://DEINE-DOMAIN.at/spiele/danke-fuer-dieses-jahr/;"Mehr als 480 Spiele mit Filter nach Schulstufe: https://DEINE-DOMAIN.at/spiele/
Stunde in 10 Sekunden planen (kostenlose App): https://DEINE-DOMAIN.at/app/
Gratis-PDF „5 Spiele, die immer funktionieren“: https://DEINE-DOMAIN.at/kostenlos/";Passende Spiele für deine Stunde findest du hier: https://DEINE-DOMAIN.at/spiele/danke-fuer-dieses-jahr/
roWDEKpkBho;Wespe & Fliege;697;https://DEINE-DOMAIN.at/spiele/wespe-fliege/;"Mehr als 480 Spiele mit Filter nach Schulstufe: https://DEINE-DOMAIN.at/spiele/
Stunde in 10 Sekunden planen (kostenlose App): https://DEINE-DOMAIN.at/app/
Gratis-PDF „5 Spiele, die immer funktionieren“: https://DEINE-DOMAIN.at/kostenlos/";Passende Spiele für deine Stunde findest du hier: https://DEINE-DOMAIN.at/spiele/wespe-fliege/
ZntQu9jiXsA;ConeFootball;685;https://DEINE-DOMAIN.at/spiele/conefootball/;"Mehr als 480 Spiele mit Filter nach Schulstufe: https://DEINE-DOMAIN.at/spiele/
Stunde in 10 Sekunden planen (kostenlose App): https://DEINE-DOMAIN.at/app/
Gratis-PDF „5 Spiele, die immer funktionieren“: https://DEINE-DOMAIN.at/kostenlos/";Passende Spiele für deine Stunde findest du hier: https://DEINE-DOMAIN.at/spiele/conefootball/
4zfh6lzoyc0;Ropeskipping im Sportunterricht;681;https://DEINE-DOMAIN.at/spiele/ropeskipping-im-sportunterricht/;"Mehr als 480 Spiele mit Filter nach Schulstufe: https://DEINE-DOMAIN.at/spiele/
Stunde in 10 Sekunden planen (kostenlose App): https://DEINE-DOMAIN.at/app/
Gratis-PDF „5 Spiele, die immer funktionieren“: https://DEINE-DOMAIN.at/kostenlos/";Passende Spiele für deine Stunde findest du hier: https://DEINE-DOMAIN.at/spiele/ropeskipping-im-sportunterricht/
xzKw6VqHtEU;;677;https://DEINE-DOMAIN.at/spiele/spiel-7/;"Mehr als 480 Spiele mit Filter nach Schulstufe: https://DEINE-DOMAIN.at/spiele/
Stunde in 10 Sekunden planen (kostenlose App): https://DEINE-DOMAIN.at/app/
Gratis-PDF „5 Spiele, die immer funktionieren“: https://DEINE-DOMAIN.at/kostenlos/";Passende Spiele für deine Stunde findest du hier: https://DEINE-DOMAIN.at/spiele/spiel-7/
eEu9ur_8XCA;Destreza con la pelota;671;https://DEINE-DOMAIN.at/spiele/destreza-con-la-pelota/;"Mehr als 480 Spiele mit Filter nach Schulstufe: https://DEINE-DOMAIN.at/spiele/
Stunde in 10 Sekunden planen (kostenlose App): https://DEINE-DOMAIN.at/app/
Gratis-PDF „5 Spiele, die immer funktionieren“: https://DEINE-DOMAIN.at/kostenlos/";Passende Spiele für deine Stunde findest du hier: https://DEINE-DOMAIN.at/spiele/destreza-con-la-pelota/
nb6knzH4clc;Pelota rodante;666;https://DEINE-DOMAIN.at/spiele/pelota-rodante/;"Mehr als 480 Spiele mit Filter nach Schulstufe: https://DEINE-DOMAIN.at/spiele/
Stunde in 10 Sekunden planen (kostenlose App): https://DEINE-DOMAIN.at/app/
Gratis-PDF „5 Spiele, die immer funktionieren“: https://DEINE-DOMAIN.at/kostenlos/";Passende Spiele für deine Stunde findest du hier: https://DEINE-DOMAIN.at/spiele/pelota-rodante/
hEeZ0Hq9fys;Volleyball in der Schule;655;https://DEINE-DOMAIN.at/spiele/volleyball-in-der-schule/;"Mehr als 480 Spiele mit Filter nach Schulstufe: https://DEINE-DOMAIN.at/spiele/
Stunde in 10 Sekunden planen (kostenlose App): https://DEINE-DOMAIN.at/app/
Gratis-PDF „5 Spiele, die immer funktionieren“: https://DEINE-DOMAIN.at/kostenlos/";Passende Spiele für deine Stunde findest du hier: https://DEINE-DOMAIN.at/spiele/volleyball-in-der-schule/
hjDt9rGC0JI;Hyrox Youngstars;642;https://DEINE-DOMAIN.at/spiele/hyrox-youngstars-2/;"Mehr als 480 Spiele mit Filter nach Schulstufe: https://DEINE-DOMAIN.at/spiele/
Stunde in 10 Sekunden planen (kostenlose App): https://DEINE-DOMAIN.at/app/
Gratis-PDF „5 Spiele, die immer funktionieren“: https://DEINE-DOMAIN.at/kostenlos/";Passende Spiele für deine Stunde findest du hier: https://DEINE-DOMAIN.at/spiele/hyrox-youngstars-2/
gg0-ShH4z-Y;Tauchen im Sportunterricht;631;https://DEINE-DOMAIN.at/spiele/tauchen-im-sportunterricht/;"Mehr als 480 Spiele mit Filter nach Schulstufe: https://DEINE-DOMAIN.at/spiele/
Stunde in 10 Sekunden planen (kostenlose App): https://DEINE-DOMAIN.at/app/
Gratis-PDF „5 Spiele, die immer funktionieren“: https://DEINE-DOMAIN.at/kostenlos/";Passende Spiele für deine Stunde findest du hier: https://DEINE-DOMAIN.at/spiele/tauchen-im-sportunterricht/
M01Bgmyj7fk;Salto für Beginner;619;https://DEINE-DOMAIN.at/spiele/salto-fuer-beginner/;"Mehr als 480 Spiele mit Filter nach Schulstufe: https://DEINE-DOMAIN.at/spiele/
Stunde in 10 Sekunden planen (kostenlose App): https://DEINE-DOMAIN.at/app/
Gratis-PDF „5 Spiele, die immer funktionieren“: https://DEINE-DOMAIN.at/kostenlos/";Passende Spiele für deine Stunde findest du hier: https://DEINE-DOMAIN.at/spiele/salto-fuer-beginner/
oMLQKJcJhh8;WSW Dienten 2019;613;https://DEINE-DOMAIN.at/spiele/wsw-dienten-2019/;"Mehr als 480 Spiele mit Filter nach Schulstufe: https://DEINE-DOMAIN.at/spiele/
Stunde in 10 Sekunden planen (kostenlose App): https://DEINE-DOMAIN.at/app/
Gratis-PDF „5 Spiele, die immer funktionieren“: https://DEINE-DOMAIN.at/kostenlos/";Passende Spiele für deine Stunde findest du hier: https://DEINE-DOMAIN.at/spiele/wsw-dienten-2019/
Eso4IzR66Ts;Schwimmen in der Schule Teil 2 Retten und Transportieren;610;https://DEINE-DOMAIN.at/spiele/schwimmen-in-der-schule-teil-2-retten-und-transportieren/;"Mehr als 480 Spiele mit Filter nach Schulstufe: https://DEINE-DOMAIN.at/spiele/
Stunde in 10 Sekunden planen (kostenlose App): https://DEINE-DOMAIN.at/app/
Gratis-PDF „5 Spiele, die immer funktionieren“: https://DEINE-DOMAIN.at/kostenlos/";Passende Spiele für deine Stunde findest du hier: https://DEINE-DOMAIN.at/spiele/schwimmen-in-der-schule-teil-2-retten-und-transportieren/
S4-FVHrrEmA;;582;https://DEINE-DOMAIN.at/spiele/spiel-8/;"Mehr als 480 Spiele mit Filter nach Schulstufe: https://DEINE-DOMAIN.at/spiele/
Stunde in 10 Sekunden planen (kostenlose App): https://DEINE-DOMAIN.at/app/
Gratis-PDF „5 Spiele, die immer funktionieren“: https://DEINE-DOMAIN.at/kostenlos/";Passende Spiele für deine Stunde findest du hier: https://DEINE-DOMAIN.at/spiele/spiel-8/
11QbB8f47m8;Kraft und Anatomie in der Schule Teil 2;576;https://DEINE-DOMAIN.at/spiele/kraft-und-anatomie-in-der-schule-teil-2/;"Mehr als 480 Spiele mit Filter nach Schulstufe: https://DEINE-DOMAIN.at/spiele/
Stunde in 10 Sekunden planen (kostenlose App): https://DEINE-DOMAIN.at/app/
Gratis-PDF „5 Spiele, die immer funktionieren“: https://DEINE-DOMAIN.at/kostenlos/";Passende Spiele für deine Stunde findest du hier: https://DEINE-DOMAIN.at/spiele/kraft-und-anatomie-in-der-schule-teil-2/
5o5iiv9R8Oc;Blanco y negro;565;https://DEINE-DOMAIN.at/spiele/blanco-y-negro/;"Mehr als 480 Spiele mit Filter nach Schulstufe: https://DEINE-DOMAIN.at/spiele/
Stunde in 10 Sekunden planen (kostenlose App): https://DEINE-DOMAIN.at/app/
Gratis-PDF „5 Spiele, die immer funktionieren“: https://DEINE-DOMAIN.at/kostenlos/";Passende Spiele für deine Stunde findest du hier: https://DEINE-DOMAIN.at/spiele/blanco-y-negro/
BAre_X86or0;Kraft und Anatomie in der Schule;564;https://DEINE-DOMAIN.at/spiele/kraft-und-anatomie-in-der-schule/;"Anleitung mit Ansagetext, Varianten und Sicherheitshinweis: https://DEINE-DOMAIN.at/spiele/kraft-und-anatomie-in-der-schule/
Im E-Book „Fit im Schulsport“ (12,90 €): https://DEINE-DOMAIN.at/ebooks/fitness/
Stunde in 10 Sekunden planen (kostenlose App): https://DEINE-DOMAIN.at/app/";Die ganze Anleitung zum Ausdrucken findest du hier: https://DEINE-DOMAIN.at/spiele/kraft-und-anatomie-in-der-schule/
